0,1,1
 -551.827819526,1,2
 -562.397419948,1,3
 -663.51590818,1,4
 -526.10541241,1,5
 -483.785571795,1,6
 -405.382817971,1,7
 -373.379031179,1,8
 -290.814987761,1,9
 -311.109005254,1,10
 -264.640450323,1,11
 -170.246168104,1,12
 -153.807039798,1,13
 -156.319764893,1,14
 -161.510271644,1,15
 -179.909986291,1,16
 -151.408620996,1,17
 -173.833029686,1,18
 -96.2501202373,1,19
 -112.637942099,1,20
 -117.32170568,1,21
 -92.2514643446,1,22
 -88.7727560886,1,23
 -50.4854390724,1,24
 -15.2454165782,1,25
 14.1310331197,1,26
 26.8233891583,1,27
 -3.77394301692,1,28
 10.697829905,1,29
 5.82990780498,1,30
 -9.38911308252,1,31
 1.1081124792,1,32
 -22.6055892742,1,33
 -1.08190764102,1,34
 -39.0627182918,1,35
 -36.3958406055,1,36
 -3.29444804232,1,37
 2.7695113589,1,38
 -12.8511232648,1,39
 -20.652024288,1,40
 -3.19350795202,1,41
 8.66524892845,1,42
 40.5269918841,1,43
 54.2589071935,1,44
 65.7035367585,1,45
 61.5315589941,1,46
 77.6456022306,1,47
 79.6150456556,1,48
 99.9302473121,1,49
 69.5316713275,1,50
 63.3124066876,1,51
 36.5062460395,1,52
 22.2597827256,1,53
 16.7504807723,1,54
 -2.73645482692,1,55
 0,2,2
 -267.155558162,2,3
 -291.89359443,2,4
 -250.669205274,2,5
 -165.304748934,2,6
 -137.647057867,2,7
 -142.703586593,2,8
 -89.1298175216,2,9
 -49.3560368729,2,10
 -31.2057524584,2,11
 -21.295750759,2,12
 -76.188916995,2,13
 -42.4127457088,2,14
 -73.3326674712,2,15
 -59.115374968,2,16
 -81.998719432,2,17
 -40.1916895042,2,18
 3.01417210396,2,19
 17.2026663121,2,20
 26.9417899038,2,21
 57.7740426757,2,22
 52.2343352227,2,23
 32.0273837731,2,24
 43.7419282147,2,25
 41.5173620432,2,26
 59.561160085,2,27
 65.2546295571,2,28
 116.326084864,2,29
 123.127595917,2,30
 129.57620764,2,31
 128.774931316,2,32
 142.05298338,2,33
 111.0480285,2,34
 140.046186087,2,35
 105.377264517,2,36
 107.351296775,2,37
 108.745648274,2,38
 89.3456997097,2,39
 100.265143469,2,40
 72.2463691869,2,41
 82.2619059229,2,42
 36.0986220571,2,43
 32.4618461023,2,44
 58.5516756121,2,45
 25.9357277561,2,46
 36.8403465358,2,47
 8.09270865303,2,48
 37.6312507411,2,49
 -5.45976708358,2,50
 -6.24707918923,2,51
 4.11998428366,2,52
 23.0259536561,2,53
 40.6246194947,2,54
 65.5463141854,2,55
 0,3,3
 203.482958047,3,4
 -138.142087012,3,5
 -95.4685176921,3,6
 -22.4874022447,3,7
 -23.4783843198,3,8
 -126.637057273,3,9
 -125.480007808,3,10
 -132.16178187,3,11
 -98.2412440924,3,12
 -53.8965070192,3,13
 -25.0732316206,3,14
 -7.85672812493,3,15
 18.0405073831,3,16
 91.8048577483,3,17
 106.447514949,3,18
 73.6358458335,3,19
 113.02245153,3,20
 132.483774588,3,21
 165.151109928,3,22
 170.593901717,3,23
 179.56322926,3,24
 193.929171969,3,25
 214.584969669,3,26
 210.749141397,3,27
 216.869691422,3,28
 228.350227767,3,29
 228.960934104,3,30
 216.875247168,3,31
 208.355134509,3,32
 193.186054849,3,33
 221.307189096,3,34
 184.74233724,3,35
 175.758124175,3,36
 154.417019254,3,37
 127.080721556,3,38
 95.883265852,3,39
 95.5507206259,3,40
 99.322362567,3,41
 123.248123642,3,42
 112.713149736,3,43
 92.6823383101,3,44
 61.3901143144,3,45
 66.1245059067,3,46
 41.5303780928,3,47
 31.7297165004,3,48
 13.3981376251,3,49
 2.83368157017,3,50
 23.2424274139,3,51
 -0.890147560969,3,52
 9.15250107492,3,53
 13.5037383533,3,54
 23.6336029744,3,55
 0,4,4
 -16.1784232,4,5
 77.684211166,4,6
 -82.1736840303,4,7
 -58.8250009621,4,8
 56.8981457744,4,9
 53.1655916394,4,10
 14.3825029758,4,11
 56.8620620845,4,12
 88.4311644897,4,13
 99.4231825574,4,14
 139.148007957,4,15
 156.288840784,4,16
 202.530783548,4,17
 255.588665506,4,18
 254.078954553,4,19
 195.820031214,4,20
 199.311162509,4,21
 191.440242829,4,22
 210.517545891,4,23
 231.380413941,4,24
 262.741291896,4,25
 287.344996863,4,26
 307.229257691,4,27
 312.281219789,4,28
 270.341305384,4,29
 246.164015796,4,30
 262.222028048,4,31
 262.880872077,4,32
 228.95005556,4,33
 242.296203235,4,34
 205.244280089,4,35
 242.353859974,4,36
 227.27290175,4,37
 233.575279811,4,38
 231.181847737,4,39
 190.915687149,4,40
 206.253674117,4,41
 167.269657645,4,42
 120.074923866,4,43
 118.446347095,4,44
 150.924944098,4,45
 190.844076393,4,46
 175.211463227,4,47
 157.062703115,4,48
 142.777262391,4,49
 136.139196145,4,50
 136.282658949,4,51
 140.327720024,4,52
 141.282144424,4,53
 165.775201188,4,54
 141.787150892,4,55
 0,5,5
 111.196561968,5,6
 188.213120556,5,7
 109.313703029,5,8
 39.0224666349,5,9
 40.2498680817,5,10
 155.487132958,5,11
 192.777577227,5,12
 175.649830673,5,13
 210.429877663,5,14
 202.67181965,5,15
 191.983946697,5,16
 219.877505692,5,17
 238.389492948,5,18
 238.331048874,5,19
 259.620127951,5,20
 295.914074784,5,21
 327.614932439,5,22
 331.0962839,5,23
 312.794690652,5,24
 377.262663553,5,25
 374.531995133,5,26
 334.964779223,5,27
 332.377949147,5,28
 310.359498726,5,29
 323.973404916,5,30
 324.145912098,5,31
 318.856908166,5,32
 298.85219164,5,33
 282.34264694,5,34
 311.747238742,5,35
 326.439768357,5,36
 318.661061786,5,37
 329.968279723,5,38
 339.340905136,5,39
 280.826657664,5,40
 264.584656542,5,41
 256.379537376,5,42
 262.930791488,5,43
 234.514052397,5,44
 196.434215918,5,45
 163.805070667,5,46
 150.120753742,5,47
 133.464947481,5,48
 170.773681473,5,49
 189.204049659,5,50
 185.459052599,5,51
 215.001530385,5,52
 233.876145992,5,53
 215.492964414,5,54
 202.730591057,5,55
 0,6,6
 -22.2461127049,6,7
 272.984640897,6,8
 166.122875602,6,9
 157.676984445,6,10
 225.501707496,6,11
 176.591697957,6,12
 250.813214521,6,13
 311.384617804,6,14
 310.83064773,6,15
 360.605253942,6,16
 334.343238562,6,17
 363.9666713,6,18
 379.293937087,6,19
 354.381813167,6,20
 363.01837749,6,21
 388.418934125,6,22
 418.937558336,6,23
 439.253664773,6,24
 417.646535617,6,25
 359.187192421,6,26
 361.399916662,6,27
 377.947813946,6,28
 364.670534131,6,29
 379.172834804,6,30
 365.997836495,6,31
 359.004347431,6,32
 342.181602345,6,33
 383.441598286,6,34
 378.215516811,6,35
 350.788163469,6,36
 322.565180989,6,37
 297.343258165,6,38
 262.651518646,6,39
 223.286334092,6,40
 200.617821192,6,41
 177.775245075,6,42
 164.53315504,6,43
 177.456245328,6,44
 176.970804982,6,45
 218.730616934,6,46
 219.042198234,6,47
 197.983535304,6,48
 228.399883593,6,49
 221.985100086,6,50
 225.388657902,6,51
 212.730871602,6,52
 253.804696282,6,53
 250.07463244,6,54
 278.434424014,6,55
 0,7,7
 -105.078608586,7,8
 203.339933898,7,9
 157.75556113,7,10
 188.915097298,7,11
 193.82419618,7,12
 269.532447009,7,13
 296.971592088,7,14
 333.147533279,7,15
 360.983940248,7,16
 365.396289315,7,17
 398.17740617,7,18
 496.656886555,7,19
 509.305127169,7,20
 482.530148208,7,21
 417.364437851,7,22
 398.18342458,7,23
 401.74038418,7,24
 379.769187021,7,25
 413.880491674,7,26
 412.367547428,7,27
 419.872676538,7,28
 409.838975248,7,29
 391.014575634,7,30
 369.004325871,7,31
 377.635947012,7,32
 342.647212834,7,33
 318.103723493,7,34
 285.627204333,7,35
 241.262103625,7,36
 241.635298208,7,37
 212.259527617,7,38
 196.403398697,7,39
 192.095201664,7,40
 228.345019638,7,41
 224.448404513,7,42
 248.105279731,7,43
 307.114545768,7,44
 284.106280986,7,45
 285.997711908,7,46
 259.982783408,7,47
 246.965728175,7,48
 276.160963997,7,49
 309.61921378,7,50
 298.855467627,7,51
 315.092597666,7,52
 334.304442695,7,53
 323.810392857,7,54
 331.442898985,7,55
 0,8,8
 -472.520568963,8,9
 281.755084703,8,10
 209.700981895,8,11
 199.723735343,8,12
 192.955965397,8,13
 262.109128884,8,14
 303.338753896,8,15
 392.177916305,8,16
 407.110534943,8,17
 419.718058815,8,18
 371.403456621,8,19
 376.384614611,8,20
 381.962957045,8,21
 440.987736266,8,22
 439.16735967,8,23
 419.599926578,8,24
 404.745226076,8,25
 370.196573803,8,26
 341.800668928,8,27
 340.579233018,8,28
 353.182653164,8,29
 341.212633568,8,30
 334.526297603,8,31
 312.910352485,8,32
 295.166022645,8,33
 306.334978534,8,34
 292.655388386,8,35
 275.215561035,8,36
 254.181105167,8,37
 269.710120393,8,38
 249.882289971,8,39
 271.804578508,8,40
 314.35474627,8,41
 312.739933855,8,42
 311.653071282,8,43
 313.418586547,8,44
 317.581261285,8,45
 296.927430618,8,46
 305.645167171,8,47
 277.813465923,8,48
 276.934860466,8,49
 310.869794917,8,50
 317.418485278,8,51
 336.216218396,8,52
 342.582473349,8,53
 326.222373487,8,54
 333.151628265,8,55
 0,9,9
 -864.603593848,9,10
 92.4862683938,9,11
 307.645722597,9,12
 215.80967907,9,13
 252.832267809,9,14
 126.108253246,9,15
 241.812579728,9,16
 268.804276317,9,17
 330.193909632,9,18
 333.579884718,9,19
 384.354120343,9,20
 391.973449979,9,21
 397.157821202,9,22
 429.845560099,9,23
 403.630565519,9,24
 391.513993826,9,25
 343.628408283,9,26
 348.478754741,9,27
 315.94700399,9,28
 294.71457617,9,29
 291.344761911,9,30
 269.567782641,9,31
 265.608243574,9,32
 282.253759115,9,33
 224.705797033,9,34
 229.758427749,9,35
 237.522118373,9,36
 264.634172528,9,37
 292.590789416,9,38
 318.975356441,9,39
 325.770129964,9,40
 333.385833607,9,41
 333.817457057,9,42
 325.582456707,9,43
 342.41851445,9,44
 334.308592671,9,45
 367.975510901,9,46
 359.47025795,9,47
 378.062030183,9,48
 370.794220856,9,49
 362.195570326,9,50
 339.533903223,9,51
 362.310567732,9,52
 354.244906086,9,53
 364.04719624,9,54
 376.191382781,9,55
 0,10,10
 -359.06563803,10,11
 33.5291637293,10,12
 351.407342067,10,13
 246.005026436,10,14
 250.832064719,10,15
 171.903445998,10,16
 139.484419255,10,17
 176.784654811,10,18
 221.753822744,10,19
 266.682571032,10,20
 285.659740252,10,21
 342.176590054,10,22
 300.977717395,10,23
 313.182478936,10,24
 325.915124324,10,25
 293.83956272,10,26
 278.960988345,10,27
 273.193887125,10,28
 277.400063237,10,29
 306.678127166,10,30
 277.382666322,10,31
 263.351804253,10,32
 239.21649033,10,33
 246.499439361,10,34
 291.332031195,10,35
 310.37493025,10,36
 308.645091723,10,37
 279.225133239,10,38
 305.090558061,10,39
 330.171800534,10,40
 340.621924248,10,41
 362.047003266,10,42
 377.415461578,10,43
 392.383329529,10,44
 389.12768463,10,45
 391.265992243,10,46
 372.776390857,10,47
 357.058746728,10,48
 354.914490216,10,49
 358.04992937,10,50
 367.16083788,10,51
 355.604618103,10,52
 352.224286667,10,53
 365.689676217,10,54
 374.227205254,10,55
 0,11,11
 -1005.59905619,11,12
 -93.1755203751,11,13
 435.787113563,11,14
 201.714362284,11,15
 264.708026453,11,16
 253.908146807,11,17
 166.334138476,11,18
 156.052187657,11,19
 206.387751288,11,20
 219.644295936,11,21
 255.250063751,11,22
 262.131060248,11,23
 284.449401134,11,24
 253.897646352,11,25
 269.487788664,11,26
 325.200647717,11,27
 329.254715637,11,28
 318.265433666,11,29
 280.168024195,11,30
 314.016001671,11,31
 316.01631599,11,32
 301.752112378,11,33
 288.364580427,11,34
 287.677542526,11,35
 308.536899211,11,36
 330.536470889,11,37
 357.692384055,11,38
 362.338384432,11,39
 344.428992993,11,40
 371.161273922,11,41
 374.986515734,11,42
 395.825130063,11,43
 391.839062973,11,44
 385.979892247,11,45
 364.949203224,11,46
 367.781719764,11,47
 365.251514831,11,48
 364.773813852,11,49
 367.235943614,11,50
 346.213578015,11,51
 365.128992641,11,52
 362.107036859,11,53
 349.270005464,11,54
 364.778431593,11,55
 0,12,12
 -1074.61901187,12,13
 34.573070597,12,14
 350.428215939,12,15
 309.278856215,12,16
 228.68830888,12,17
 296.615285774,12,18
 205.174838232,12,19
 168.750592374,12,20
 125.401138004,12,21
 134.689063636,12,22
 150.350683816,12,23
 207.789512598,12,24
 249.483538441,12,25
 253.673920633,12,26
 281.891280183,12,27
 273.726158398,12,28
 295.453245573,12,29
 312.413176197,12,30
 327.801407863,12,31
 348.850388745,12,32
 336.733713796,12,33
 343.288357781,12,34
 344.892874018,12,35
 347.055006517,12,36
 353.008889923,12,37
 376.839382252,12,38
 377.914769108,12,39
 394.043925015,12,40
 417.000432927,12,41
 399.284909662,12,42
 401.090058128,12,43
 382.336846755,12,44
 388.820857647,12,45
 377.602891797,12,46
 370.13705505,12,47
 371.737103694,12,48
 361.592586623,12,49
 360.78464404,12,50
 345.993486555,12,51
 341.736190846,12,52
 364.056169352,12,53
 393.721780842,12,54
 391.271914391,12,55
 0,13,13
 -1131.65433225,13,14
 -187.209364831,13,15
 132.902864314,13,16
 438.579300518,13,17
 231.314932098,13,18
 327.793366035,13,19
 260.426699578,13,20
 255.664436732,13,21
 211.976529251,13,22
 239.469046342,13,23
 217.831005633,13,24
 233.799748375,13,25
 259.771484777,13,26
 316.513138001,13,27
 283.932187253,13,28
 291.074841185,13,29
 334.207450609,13,30
 353.414960796,13,31
 395.703428741,13,32
 369.499352416,13,33
 360.139642532,13,34
 355.522398394,13,35
 358.210196239,13,36
 373.488728126,13,37
 376.299684134,13,38
 364.497534336,13,39
 366.178489987,13,40
 344.840024077,13,41
 337.614770326,13,42
 355.43065732,13,43
 383.410734876,13,44
 356.979096702,13,45
 375.273101461,13,46
 333.859640549,13,47
 342.359660757,13,48
 364.631058111,13,49
 384.678898578,13,50
 377.607315225,13,51
 402.245495857,13,52
 422.409948764,13,53
 420.586920359,13,54
 432.161498284,13,55
 0,14,14
 -5601.90491278,14,15
 -278.291893313,14,16
 128.426465522,14,17
 268.497331633,14,18
 355.765778036,14,19
 309.576142029,14,20
 306.522362978,14,21
 293.856071109,14,22
 259.497733736,14,23
 254.063231078,14,24
 264.224474327,14,25
 280.383773345,14,26
 297.011555369,14,27
 298.696054542,14,28
 320.352706565,14,29
 325.347779758,14,30
 317.022714331,14,31
 340.723479218,14,32
 392.398433455,14,33
 397.690734986,14,34
 417.496499477,14,35
 393.080008983,14,36
 383.148358259,14,37
 376.093045138,14,38
 354.082627044,14,39
 374.463813894,14,40
 366.844886891,14,41
 358.857713473,14,42
 334.182444956,14,43
 355.419713697,14,44
 369.49376869,14,45
 374.682095153,14,46
 380.638403908,14,47
 362.921282428,14,48
 378.899335645,14,49
 393.786074644,14,50
 440.339058884,14,51
 413.414778583,14,52
 417.022827644,14,53
 403.711604747,14,54
 392.522384234,14,55
 0,15,15
 -5285.19748008,15,16
 -290.587127673,15,17
 -63.9369806718,15,18
 167.854885447,15,19
 322.523512435,15,20
 319.905947158,15,21
 297.227712525,15,22
 262.7400087,15,23
 277.601251695,15,24
 309.449351385,15,25
 303.391773089,15,26
 320.462481388,15,27
 307.295668428,15,28
 287.392485899,15,29
 294.694996274,15,30
 258.410441355,15,31
 261.122653574,15,32
 283.502825856,15,33
 302.918238962,15,34
 320.695588853,15,35
 325.93248641,15,36
 329.712575783,15,37
 360.314611708,15,38
 336.955272814,15,39
 358.145162711,15,40
 360.390006661,15,41
 402.474503207,15,42
 385.487310967,15,43
 382.656909374,15,44
 364.122514281,15,45
 361.093085247,15,46
 359.238029915,15,47
 370.056962604,15,48
 391.598080005,15,49
 408.985469531,15,50
 390.185958007,15,51
 369.561464471,15,52
 373.793999304,15,53
 407.197776606,15,54
 452.109080521,15,55
 0,16,16
 -0.2,16,17
 -731.10432923,16,18
 -133.216478232,16,19
 165.541818368,16,20
 319.95250606,16,21
 336.20423156,16,22
 272.350013075,16,23
 253.824310753,16,24
 251.344879379,16,25
 274.813934167,16,26
 299.31819672,16,27
 328.054190371,16,28
 292.683274667,16,29
 283.14246397,16,30
 288.854311109,16,31
 323.688847877,16,32
 294.029938591,16,33
 306.413696688,16,34
 332.457875103,16,35
 303.46353166,16,36
 325.206324161,16,37
 329.378676009,16,38
 352.923572044,16,39
 385.440209451,16,40
 366.328165202,16,41
 371.249691444,16,42
 365.62961943,16,43
 366.384139644,16,44
 369.819332024,16,45
 399.898797012,16,46
 391.772868926,16,47
 377.801619519,16,48
 344.074183162,16,49
 341.479029429,16,50
 354.525360085,16,51
 374.814998739,16,52
 402.238268779,16,53
 411.066600472,16,54
 430.696028484,16,55
 0,17,17
 -0.2,17,18
 -957.677957547,17,19
 -174.752231935,17,20
 161.679185747,17,21
 381.788866558,17,22
 330.786036606,17,23
 316.902659168,17,24
 290.687743603,17,25
 297.468585382,17,26
 305.376142408,17,27
 288.948374075,17,28
 333.373465718,17,29
 335.501257203,17,30
 358.737545329,17,31
 352.154151203,17,32
 345.288046971,17,33
 371.500449168,17,34
 368.290642739,17,35
 355.830292395,17,36
 372.071253131,17,37
 360.87304085,17,38
 368.365842306,17,39
 379.019061024,17,40
 366.932867787,17,41
 376.586990058,17,42
 376.272864402,17,43
 397.359133345,17,44
 425.412623999,17,45
 427.85919787,17,46
 394.922823515,17,47
 396.606190819,17,48
 408.09873139,17,49
 389.780043306,17,50
 423.719679189,17,51
 437.132698278,17,52
 440.489574644,17,53
 439.44409223,17,54
 428.497728518,17,55
 0,18,18
 -0.2,18,19
 -983.602162866,18,20
 -153.273397444,18,21
 160.320634786,18,22
 285.197473728,18,23
 294.718395096,18,24
 330.72083988,18,25
 275.180802289,18,26
 250.324821625,18,27
 306.784946053,18,28
 310.788641512,18,29
 314.876165555,18,30
 368.667379924,18,31
 404.621777906,18,32
 380.456928594,18,33
 382.109469639,18,34
 385.820448664,18,35
 392.284113035,18,36
 384.981609816,18,37
 389.65777371,18,38
 369.751454058,18,39
 372.162603133,18,40
 368.823553511,18,41
 394.708085321,18,42
 434.852566177,18,43
 420.632150402,18,44
 412.788854824,18,45
 396.169337789,18,46
 379.280983862,18,47
 379.955510397,18,48
 417.147686712,18,49
 419.052701187,18,50
 442.256564931,18,51
 440.193678019,18,52
 453.85358036,18,53
 486.078907754,18,54
 491.459626977,18,55
 0,19,19
 -0.2,19,20
 -943.383560139,19,21
 -222.012670728,19,22
 21.1891881079,19,23
 207.432915924,19,24
 320.996815484,19,25
 355.65479249,19,26
 317.348373787,19,27
 264.179515296,19,28
 257.476062311,19,29
 255.516276404,19,30
 283.226361548,19,31
 327.057193231,19,32
 376.528955696,19,33
 415.679220207,19,34
 404.326133569,19,35
 359.903958073,19,36
 377.71332208,19,37
 377.862684223,19,38
 387.459596728,19,39
 386.085800191,19,40
 443.228350421,19,41
 432.253321728,19,42
 440.932310777,19,43
 439.736051674,19,44
 438.235904326,19,45
 443.314605044,19,46
 442.934954332,19,47
 443.756638951,19,48
 451.700604909,19,49
 461.401721204,19,50
 484.634837792,19,51
 504.240611259,19,52
 512.932881044,19,53
 537.44600089,19,54
 529.190048681,19,55
 0,20,20
 -0.2,20,21
 -961.19006478,20,22
 -319.605835086,20,23
 -57.0121872445,20,24
 192.067434342,20,25
 391.758420672,20,26
 353.969474365,20,27
 310.034550487,20,28
 262.589030892,20,29
 271.601114944,20,30
 278.070911416,20,31
 260.652583981,20,32
 303.58487396,20,33
 318.645143577,20,34
 357.741789181,20,35
 388.942371257,20,36
 403.872930322,20,37
 429.098864324,20,38
 433.611404882,20,39
 438.842139751,20,40
 421.436139792,20,41
 443.205081294,20,42
 458.779548357,20,43
 476.754716735,20,44
 467.481501918,20,45
 488.98675139,20,46
 479.240566478,20,47
 506.891208519,20,48
 533.384346754,20,49
 556.394387403,20,50
 563.674259574,20,51
 552.224859399,20,52
 550.087551181,20,53
 542.202352563,20,54
 522.777895467,20,55
 0,21,21
 -0.2,21,22
 -1077.08720748,21,23
 -194.80685831,21,24
 -51.1713457279,21,25
 191.03618503,21,26
 362.319550538,21,27
 371.408433582,21,28
 384.381410755,21,29
 267.015743334,21,30
 302.525159146,21,31
 299.588926569,21,32
 296.948550035,21,33
 322.098381024,21,34
 321.563307245,21,35
 347.874809624,21,36
 355.117128826,21,37
 379.570204504,21,38
 419.040057938,21,39
 434.117829869,21,40
 421.923112174,21,41
 439.380093827,21,42
 460.832638988,21,43
 477.887738259,21,44
 516.044229692,21,45
 536.722479524,21,46
 560.879821343,21,47
 562.349761799,21,48
 553.754175914,21,49
 548.856031634,21,50
 565.896069524,21,51
 551.290226957,21,52
 521.686072078,21,53
 505.549675997,21,54
 518.44417663,21,55
 0,22,22
 -0.2,22,23
 -1191.0107778,22,24
 -219.993726832,22,25
 -196.709089941,22,26
 136.285669434,22,27
 325.437672229,22,28
 423.974478059,22,29
 411.009020494,22,30
 373.377617997,22,31
 289.338689822,22,32
 343.570101728,22,33
 343.949846379,22,34
 343.741802359,22,35
 397.198422507,22,36
 399.554022508,22,37
 409.946588952,22,38
 439.864262122,22,39
 458.988843196,22,40
 470.613831334,22,41
 465.264313155,22,42
 494.863608587,22,43
 516.984016426,22,44
 565.087097006,22,45
 575.139341387,22,46
 577.758139025,22,47
 567.01348285,22,48
 569.781339267,22,49
 548.991897414,22,50
 512.564280691,22,51
 504.402177189,22,52
 511.090595173,22,53
 524.946684794,22,54
 528.413999067,22,55
 0,23,23
 -0.2,23,24
 -1042.92733057,23,25
 -366.870577446,23,26
 -123.386352405,23,27
 89.821047385,23,28
 299.282978071,23,29
 362.657178199,23,30
 386.429370528,23,31
 422.805630094,23,32
 348.622743254,23,33
 296.106709055,23,34
 313.063767388,23,35
 320.957771531,23,36
 357.668386207,23,37
 370.281482256,23,38
 392.848222433,23,39
 401.40546425,23,40
 435.959266011,23,41
 475.353438462,23,42
 476.848955296,23,43
 478.82723267,23,44
 470.22429768,23,45
 486.502185638,23,46
 481.389372028,23,47
 494.947349772,23,48
 504.609125251,23,49
 522.794700866,23,50
 534.017301147,23,51
 509.704872601,23,52
 527.934257684,23,53
 523.935172936,23,54
 495.651482395,23,55
 0,24,24
 -0.2,24,25
 -1090.26878663,24,26
 -387.794626987,24,27
 89.746120383,24,28
 10.379301824,24,29
 220.301986859,24,30
 336.153963004,24,31
 351.801700591,24,32
 358.336821305,24,33
 360.283522248,24,34
 336.450328468,24,35
 274.178851352,24,36
 282.680304401,24,37
 302.041392851,24,38
 337.193444321,24,39
 365.752630212,24,40
 375.498119765,24,41
 387.252635575,24,42
 384.515175457,24,43
 399.136875179,24,44
 390.016850362,24,45
 398.169833249,24,46
 422.597088625,24,47
 436.604155925,24,48
 448.610470061,24,49
 444.776359815,24,50
 474.226997284,24,51
 500.992978176,24,52
 504.166864955,24,53
 489.530247411,24,54
 492.151116856,24,55
 0,25,25
 -0.2,25,26
 -1115.01851875,25,27
 -472.83801989,25,28
 64.4755686506,25,29
 38.5687118382,25,30
 241.55691366,25,31
 319.594565292,25,32
 374.511160563,25,33
 384.875677792,25,34
 354.310376876,25,35
 360.284017203,25,36
 320.775043963,25,37
 270.129027369,25,38
 280.169949507,25,39
 335.599577091,25,40
 297.871096519,25,41
 327.021142254,25,42
 355.152077074,25,43
 374.664295961,25,44
 407.902998575,25,45
 418.469901341,25,46
 427.771350413,25,47
 418.706164396,25,48
 435.27674505,25,49
 428.513709701,25,50
 412.802737616,25,51
 396.635004517,25,52
 391.811984864,25,53
 408.19450782,25,54
 419.444993914,25,55
 0,26,26
 -0.2,26,27
 -1315.67730858,26,28
 -450.674105152,26,29
 27.8659117101,26,30
 -32.9470667152,26,31
 211.459327553,26,32
 323.11032443,26,33
 377.08884492,26,34
 366.625678714,26,35
 323.868544591,26,36
 339.516844043,26,37
 359.371389536,26,38
 325.282533848,26,39
 266.893602791,26,40
 288.100016281,26,41
 302.04638122,26,42
 305.358944668,26,43
 294.112329672,26,44
 314.623680989,26,45
 341.381270487,26,46
 345.031473971,26,47
 347.083313769,26,48
 361.237257151,26,49
 369.05438056,26,50
 375.174518992,26,51
 379.003944253,26,52
 379.838743065,26,53
 364.129453276,26,54
 366.739109724,26,55
 0,27,27
 -0.2,27,28
 -1280.05688167,27,29
 -488.483592495,27,30
 -120.746746235,27,31
 99.7460733097,27,32
 171.249629759,27,33
 306.032366051,27,34
 354.279118746,27,35
 417.514497628,27,36
 307.235692308,27,37
 337.768142666,27,38
 350.29005302,27,39
 346.983711851,27,40
 325.896326229,27,41
 289.217170187,27,42
 302.359455602,27,43
 293.457928544,27,44
 269.516974545,27,45
 277.961131255,27,46
 278.29217036,27,47
 270.372462164,27,48
 292.788790289,27,49
 296.241648669,27,50
 303.588008911,27,51
 307.634721457,27,52
 320.842326556,27,53
 323.55524287,27,54
 309.341390981,27,55
 0,28,28
 -0.2,28,29
 -1181.88095175,28,30
 -585.438108611,28,31
 -227.817372779,28,32
 129.895142137,28,33
 25.7033199351,28,34
 198.997632378,28,35
 376.284008077,28,36
 410.853628121,28,37
 343.232820355,28,38
 330.823726497,28,39
 320.939814536,28,40
 310.474188343,28,41
 310.95667805,28,42
 283.277700613,28,43
 266.460962792,28,44
 238.034770165,28,45
 277.524198407,28,46
 249.3224262,28,47
 264.653040203,28,48
 282.288811918,28,49
 275.195339706,28,50
 287.932930473,28,51
 268.913934571,28,52
 283.55614968,28,53
 283.687476539,28,54
 303.339991242,28,55
 0,29,29
 -0.2,29,30
 -1256.71914785,29,31
 -556.347008064,29,32
 -183.274392682,29,33
 210.271580823,29,34
 14.3561962078,29,35
 151.810913854,29,36
 309.248363355,29,37
 407.086571875,29,38
 392.742392478,29,39
 303.649573835,29,40
 310.511880008,29,41
 293.105002893,29,42
 308.288419131,29,43
 295.145309269,29,44
 285.471044718,29,45
 282.055203334,29,46
 254.581402858,29,47
 246.89268829,29,48
 261.152063206,29,49
 230.768244507,29,50
 233.686395334,29,51
 242.815755102,29,52
 247.586162125,29,53
 257.534679147,29,54
 247.817938198,29,55
 0,30,30
 -0.2,30,31
 -1235.01224912,30,32
 -548.712233176,30,33
 -221.355308001,30,34
 169.693799556,30,35
 79.2062280296,30,36
 206.026858192,30,37
 222.446226171,30,38
 323.992180612,30,39
 383.591639105,30,40
 328.496702239,30,41
 324.410831008,30,42
 290.970562406,30,43
 327.702580347,30,44
 287.741728028,30,45
 264.001098585,30,46
 258.583664667,30,47
 247.483881445,30,48
 261.99077256,30,49
 211.421872265,30,50
 227.577088293,30,51
 199.883414438,30,52
 200.283842691,30,53
 197.991539842,30,54
 201.766696666,30,55
 0,31,31
 -0.2,31,32
 -1112.78984801,31,33
 -554.580161539,31,34
 -204.058253986,31,35
 48.2096927074,31,36
 149.072659327,31,37
 159.540419201,31,38
 198.28931978,31,39
 307.489540557,31,40
 350.702064174,31,41
 354.767841848,31,42
 296.937412843,31,43
 275.872102945,31,44
 273.436439361,31,45
 307.871166045,31,46
 280.369739081,31,47
 259.234472982,31,48
 243.568631628,31,49
 266.134750579,31,50
 253.294651071,31,51
 225.487388884,31,52
 227.367338859,31,53
 231.547414966,31,54
 203.461131701,31,55
 0,32,32
 -0.2,32,33
 -4788.99910637,32,34
 -551.728479738,32,35
 -232.136641725,32,36
 43.0247474554,32,37
 192.542195529,32,38
 213.74471739,32,39
 142.478670732,32,40
 271.788907386,32,41
 333.007947983,32,42
 325.633712593,32,43
 376.044067718,32,44
 325.774591504,32,45
 248.702523518,32,46
 286.076762568,32,47
 272.003480037,32,48
 236.229815613,32,49
 221.434748129,32,50
 219.55402253,32,51
 269.535772134,32,52
 252.041404234,32,53
 219.369166716,32,54
 225.269947573,32,55
 0,33,33
 -0.2,33,34
 -4934.31567249,33,35
 -637.152424758,33,36
 -382.834893235,33,37
 4.78813130297,33,38
 151.755761387,33,39
 224.139361077,33,40
 222.936685183,33,41
 249.419322255,33,42
 285.117781548,33,43
 301.104821992,33,44
 343.611524111,33,45
 365.092951881,33,46
 308.776982878,33,47
 292.917515539,33,48
 295.002540857,33,49
 263.681587901,33,50
 262.193127314,33,51
 261.423295903,33,52
 268.476292045,33,53
 248.012744296,33,54
 247.979275701,33,55
 0,34,34
 -0.2,34,35
 -4857.02596326,34,36
 -665.698714959,34,37
 -339.637642598,34,38
 6.32928452039,34,39
 198.689015739,34,40
 214.542014019,34,41
 249.400158554,34,42
 252.450254243,34,43
 302.241837316,34,44
 261.897930132,34,45
 287.400545729,34,46
 333.889219933,34,47
 362.377652332,34,48
 300.350876525,34,49
 298.307289354,34,50
 283.468987004,34,51
 281.820435301,34,52
 275.87780954,34,53
 262.529864106,34,54
 295.768261344,34,55
 0,35,35
 0,35,36
 -2580.52963551,35,37
 -717.850283328,35,38
 -330.018947599,35,39
 -9.77717124138,35,40
 162.931019555,35,41
 159.726961342,35,42
 242.988942975,35,43
 253.82076271,35,44
 297.426366771,35,45
 299.156839679,35,46
 237.41072128,35,47
 282.228318372,35,48
 323.791552086,35,49
 350.492975051,35,50
 302.67907816,35,51
 279.855629194,35,52
 290.109005812,35,53
 270.805388485,35,54
 274.441319203,35,55
 0,36,36
 0,36,37
 -2831.41193354,36,38
 -956.088436214,36,39
 -331.013125455,36,40
 -115.812492001,36,41
 157.686018525,36,42
 111.306689869,36,43
 258.798761024,36,44
 281.203604175,36,45
 350.600493062,36,46
 342.042708173,36,47
 289.314544217,36,48
 249.02993382,36,49
 275.541769872,36,50
 330.178143878,36,51
 349.593635489,36,52
 317.426475488,36,53
 256.832229165,36,54
 262.283559733,36,55
 0,37,37
 0,37,38
 -2822.16206778,37,39
 -1267.70277695,37,40
 -401.013160683,37,41
 -67.624360127,37,42
 150.461878566,37,43
 189.095669784,37,44
 238.762718734,37,45
 231.674388036,37,46
 315.796048077,37,47
 352.305061001,37,48
 293.42297415,37,49
 294.006347614,37,50
 303.570301039,37,51
 337.549132396,37,52
 317.136422541,37,53
 337.585513799,37,54
 300.27320262,37,55
 0,38,38
 0,38,39
 -2862.22826083,38,40
 -1255.91270699,38,41
 -444.908021961,38,42
 -150.373545522,38,43
 -13.5804475896,38,44
 231.991646261,38,45
 256.608634966,38,46
 282.300587018,38,47
 282.249376056,38,48
 336.61963546,38,49
 293.707265831,38,50
 350.072144925,38,51
 335.053409133,38,52
 327.276692289,38,53
 363.143606847,38,54
 394.31432384,38,55
 0,39,39
 0,39,40
 -2953.94903137,39,41
 -1195.19856018,39,42
 -458.803946756,39,43
 -44.7299432102,39,44
 51.4783393731,39,45
 155.268687246,39,46
 271.675811832,39,47
 252.447892511,39,48
 249.336922535,39,49
 309.931544588,39,50
 299.091996992,39,51
 262.706163571,39,52
 325.410560207,39,53
 334.396475306,39,54
 337.140027703,39,55
 0,40,40
 0,40,41
 -2957.12066757,40,42
 -1144.93022284,40,43
 -504.103508442,40,44
 -194.792912164,40,45
 76.6439358536,40,46
 205.286959531,40,47
 251.93591144,40,48
 290.079322418,40,49
 228.671232434,40,50
 293.852058472,40,51
 337.044779745,40,52
 238.987685199,40,53
 312.956308439,40,54
 318.221346931,40,55
 0,41,41
 0,41,42
 -3094.48985025,41,43
 -1167.17378657,41,44
 -616.862603881,41,45
 -194.176325416,41,46
 60.9185541374,41,47
 169.551919309,41,48
 181.912942591,41,49
 237.196668944,41,50
 302.214445147,41,51
 299.056708855,41,52
 325.814329026,41,53
 286.414152294,41,54
 266.375688227,41,55
 0,42,42
 0,42,43
 -3026.28388098,42,44
 -1191.28966287,42,45
 -633.165975699,42,46
 -316.785411593,42,47
 -8.02103246381,42,48
 149.327419032,42,49
 224.196630707,42,50
 268.652122438,42,51
 296.963187648,42,52
 278.490774037,42,53
 348.10027506,42,54
 306.920167291,42,55
 0,43,43
 0,43,44
 -60.0790966325,43,45
 -1183.43554912,43,46
 -661.081391839,43,47
 -369.181545443,43,48
 -37.9053216775,43,49
 202.807292688,43,50
 208.307417481,43,51
 322.747046795,43,52
 323.858175731,43,53
 334.599826376,43,54
 289.524585147,43,55
 0,44,44
 0,44,45
 -50.925497126,44,46
 -1200.59790003,44,47
 -662.727211362,44,48
 -446.451993467,44,49
 -93.3333023217,44,50
 34.9542783037,44,51
 182.765983027,44,52
 327.122084686,44,53
 310.800112367,44,54
 336.211419042,44,55
 0,45,45
 0,45,46
 -31.3859528247,45,47
 -1227.35271602,45,48
 -725.484437961,45,49
 -385.667379719,45,50
 -84.7938453065,45,51
 11.7825650089,45,52
 124.538077488,45,53
 305.1684073,45,54
 295.3234891,45,55
 0,46,46
 0,46,47
 -43.9084962524,46,48
 -1172.13550083,46,49
 -675.823293134,46,50
 -388.717242943,46,51
 -102.992787488,46,52
 27.0532633214,46,53
 98.9820937499,46,54
 165.224466559,46,55
 0,47,47
 0,47,48
 -24.2563882624,47,49
 -1158.88317185,47,50
 -708.936946369,47,51
 -392.638480131,47,52
 -199.019884895,47,53
 9.60583296638,47,54
 148.881063372,47,55
 0,48,48
 0,48,49
 -21.4679476885,48,50
 -1157.95211329,48,51
 -596.141279628,48,52
 -418.344224276,48,53
 -302.546015959,48,54
 -37.6072357798,48,55
 0,49,49
 0,49,50
 395.918330843,49,51
 -1141.28602612,49,52
 -527.079651671,49,53
 -486.584243287,49,54
 -248.874440724,49,55
 0,50,50
 0,50,51
 497.759001864,50,52
 -1126.80170032,50,53
 -540.223024177,50,54
 -489.780103617,50,55
 0,51,51
 0,51,52
 493.435961484,51,53
 -1132.80585585,51,54
 -560.029748791,51,55
 0,52,52
 0,52,53
 493.435961484,52,54
 -1127.65808062,52,55
 0,53,53
 0,53,54
 488.732873598,53,55
 0,54,54
 0,54,55
 