1524398400000,626.26,623.72,631.22146598,614.83045432,13853.97786862
1524394800000,623.64,626.26,635,623.43,14988.86914983
1524391200000,617.6,623.64,625,617.59,6777.45665791
1524387600000,622.72,617.6,624.06,614.76,9646.52483543
1524384000000,611.64,622.71,624.1,611.64,13329.83115293
1524380400000,611.09,611.63,613.32,608.37,5034.88441272
1524376800000,605.97,611.09,612.29,605.97,3458.3540441
1524373200000,604.42,605.97,609.25,604.42,4013.7358317
1524369600000,600.5,604.42,604.42,600,1859.71720775
1524366000000,602.38,600.52,603.7,599.4,2712.58749508
1524362400000,596.41,602.38,603.35,595.9,5242.14515942
1524358800000,595.73,596.41,598.99,591.2,4748.08211044
1524355200000,604.56,595.72,604.69,595,10431.78701405
1524351600000,603.35,604.4310002,606.75,602.69,6367.38309058
1524348000000,602.48,603.35,604.09,599.64,3949.17052373
1524344400000,605.29,602.49,605.29,602,1884.65268286
1524340800000,608.72,605.4813321,608.72,598.1,6932.24160049
1524337200000,608.58,608.72,610.84,607.7,2602.23831904
1524333600000,603.9,608.58,611.14,602,5010.59098992
1524330000000,601.09,603.9,605.47,601,6394.60509143
1524326400000,608.37,601.09,613.32,600,9325.58900988
1524322800000,595.95,608.36,609.49,595.95,7336.04227334
1524319200000,594.07,595.95,598,593.57,3515.4244376
1524315600000,594.7,594.07,596.33,585.62,8154.94487298
1524312000000,587.83,594.7,597,586,12036.55434301
1524308400000,585.73,587.84,588.82,576,28088.25938341
1524304800000,589.19,585.73,596.72,585.1,11576.92221475
1524301200000,602.78,589.19,605.01,585.43,21478.01086683
1524297600000,613.28,602.75,615.14998083,594.5,28951.20359387
1524294000000,618.78,613.62,625.24,612.9,12663.8344919
1524290400000,610.37,618.8,618.8,610.37,7256.06393746
1524286800000,609.81,610.14,610.42,608.51,3296.84859279
1524283200000,607.98,609.92,610.85,607.97,3646.05430099
1524279600000,609.99,607.97,613.99,606.69,5356.75857005
1524276000000,605.96,609.99,611.94,603.49,5152.7641498
1524272400000,611.08,605.96,611.69929698,600.21,13833.16259581
1524268800000,616.44,611,617.62,604.19,16557.89894721
1524265200000,615.53,616.44,618.19,613.02971739,14079.31959155
1524261600000,596.88,615.52,621.77,596.86,30682.74984643
1524258000000,592.95,596.4,598.5100233,592.17,6807.26389731
1524254400000,592.99,592.95,593.06,586.97,5791.93071927
1524250800000,593.06,593,595.59,591.5,5454.59620679
1524247200000,589.2,593.49,595.9,587.48,8474.11754988
1524243600000,588.93,589.21,591.18410894,587.91,5226.33654293
1524240000000,585.04,588.77,589.89,582.38,6091.45943077
1524236400000,588.45,585.04,588.69,582.06,7582.96954248
1524232800000,583.79,588.68,589,583.79,7619.19209194
1524229200000,590.79,583.79,591,580.67,18938.36872773
1524225600000,589.98,590.8,595.48,589,9554.96194174
1524222000000,586.02,589.99,591.14,584.99466944,13287.94154651
1524218400000,571.79,586.17,589,571.78,18987.60795324
1524214800000,570.92,571.76,573.88,568.52,8711.75053446
1524211200000,570.81,571.08,577.77,570.47,9115.49202836
1524207600000,571.41,570.8,576.53,570.36,11829.9702732
1524204000000,564.91,571.41,572.41,562.35,7035.32447505
1524200400000,561.7,564.91,566.78,557.77,10073.74670398
1524196800000,573.51,561.71,573.51,561.47,14113.485796
1524193200000,570.66,573.5,576.54,570.61,4060.30616611
1524189600000,584.08,570.67,587.62,568.18,22143.67985982
1524186000000,578.99,584.07,585.43,576.1377869,11201.99843731
1524182400000,566.92,579,580.41,566.9,17914.31816206
1524178800000,560.46,566.92,571.84,558.78286631,12717.3576857
1524175200000,561.2,560.52,564.4,560.18029439,6436.17748375
1524171600000,554.45,561.2,561.94,553.4,4511.22754938
1524168000000,557.29,554.5,557.29,553.27,7554.14672712
1524164400000,556.89,557.29,558.71,552.8103539,8184.05952461
1524160800000,560.36,556.89,564,556.4,10413.20542452
1524157200000,553.99,560.36,564,553.99,12540.99907665
1524153600000,546.95,554,557.59,546.95,16172.11978626
1524150000000,546.48,546.95,547.6742697,544.49048536,4487.52834041
1524146400000,546.57,546.48,547.96,541,11862.63407418
1524142800000,543.01,546.58,548.18,541.73,8466.68336699
1524139200000,537,543.01,545.28,534.5,13402.05981027
1524135600000,535.05,537,537.01,534.08,3672.26753291
1524132000000,535.01,535.05,536.42,533.38,3522.36161289
1524128400000,531.35,535,535.43,529.8,6466.95858046
1524124800000,532,531.35,534.51,529.9,3497.52021288
1524121200000,532.05,532,537.7,528.89463294,9021.65996551
1524117600000,532.24,532.05,534.54,527.26,13815.35195185
1524114000000,534.84,532.24,534.84,527.57,6357.31071734
1524110400000,536,534.88,536.46,530.10610645,9834.53236667
1524106800000,537,536.44,537.01,532.14,8190.98053893
1524103200000,530.33,537.01,539.45,529.5,17198.95480317
1524099600000,525.37,530.34,532.65,524.31,8453.06664025
1524096000000,525.56,525.28,526.14,521.55,4722.59813262
1524092400000,522.97,525.55,526.9,522.15,4451.58790861
1524088800000,525.36,522.42,527.05,520,8282.38547513
1524085200000,522.66,525.36,525.99,522.66,2889.30772265
1524081600000,517.51,522.66,523.8,516.49,13183.20807374
1524078000000,515.53,517.51,517.59,513.37,3914.81683048
1524074400000,514.75,515.52,517.19,514.36,2593.04194229
1524070800000,516.6,514.75,517.13,512.42530383,9144.77919516
1524067200000,509.65,517.08,518.5,509.65,7930.41895886
1524063600000,508.39,509.65,513,507.01,10710.97803688
1524060000000,515.18,508.4,515.9,508.37585187,7249.74922805
1524056400000,517.33,515.22,517.75,514.92,4814.5235171
1524052800000,516.87,517.34,518.03004822,515.88,4819.62583299
1524049200000,514.01,516.86,517.22,513.03,4789.91995768
1524045600000,514.45,514.01,514.78,513.6,2019.94694384
1524042000000,513.76,514.44,515,510.48,4510.1439155
1524038400000,515.01,513.95,516.38,513.21,5022.75485137
1524034800000,515.15,515.35,517.99,512.77,6385.54955442
1524031200000,507.94,515.15,516.18,504.97,8851.94004005
1524027600000,506.19,507.94,510,506.18,2601.72398657
1524024000000,507.31,506.19,507.4,504.3574293,1953.730157
1524020400000,505.54,506.99,507.55,503.8,5203.34168529
1524016800000,506.88,505.55,509.03,504.85,2854.26616875
1524013200000,504.38,506.88,508.16,504.38,4306.12374049
1524009600000,503.13,504.38,505.92,501.5,4328.76522641
1524006000000,504.46,503.13,504.46,501.53,4525.02452431
1524002400000,505.4,504.47,507.12514615,502.10042008,4347.28869116
1523998800000,503.17,505.4,506.71,502.02,4918.23579034
1523995200000,503.64,503.18,505.42,501.5,12333.03625059
1523991600000,506.69,503.63,506.69,501.5,12835.009725
1523988000000,515.36,506.69,515.36,505.76,14563.6609184
1523984400000,515.71,515.36,517.5,514.47,2690.1119037
1523980800000,514,515.71,517,514,3495.89962778
1523977200000,515.01,514,516.2,514,6515.83471345
1523973600000,514.85,515.01,516.22,514,2368.08227802
1523970000000,515.72,514.86,518.22,514,5891.90902166
1523966400000,517,515.72,523.8,514,19524.55240177
1523962800000,515.14,516.5,517.2,515.14,1949.63695537
1523959200000,518.08,515.14,519.73,513.42,7568.23915478
1523955600000,517.01,517.97,520.12,516.33,4786.02419942
1523952000000,514.64,517.01,518,514.06,5050.43854717
1523948400000,507.48,514.69,514.9,507.44,10191.61763263
1523944800000,505.37,507.48,508,504.86,4653.36800136
1523941200000,506.91,505.37,507.19646383,504.55771913,2233.57480177
1523937600000,507.91,506.92,507.91,505.06,2734.2916835
1523934000000,506.66,507.91,508,504,7255.15985421
1523930400000,508.49,506.91,509.17,504.50889593,5999.44690695
1523926800000,509.19,508.33,510.99,507.27,5904.83885456
1523923200000,511.29,509.19,511.89,505.87,4176.46702925
1523919600000,507.13,511.29,513.15,507,6713.35748317
1523916000000,506.08,507.06,508.27,504.42,2747.20451897
1523912400000,502.1,505.7,507.38,501.94,1793.66276238
1523908800000,504.08,502,504.08,500.67,3763.9040143
1523905200000,504.90156023,503.8,508.92,501.63,4515.23103142
1523901600000,508.3,504.85,508.55,502.4,7612.66983208
1523898000000,502.22,508.81,511.2,501.42,8568.10555651
1523894400000,504,502.07,504.00841272,500.81652852,2078.77347863
1523890800000,503.02,504,506.08,502.2,2576.11485557
1523887200000,502.1,503.02,505.98,499.5,6066.94851641
1523883600000,502.48,502,504.48,499.33,16559.14137051
1523880000000,511.94,502.61,512.62,499.33,12167.48876602
1523876400000,511.03,511.92,513.19,509.1,3386.68110795
1523872800000,513.93,511.04577742,514.43,510.02,4784.60705353
1523869200000,516.2,513.93,517.38,510.7,9819.79957857
1523865600000,513.71,516.19,517.49,512.76,7716.7499047
1523862000000,511.1589022,513.71,514.13,509.9,3572.16604785
1523858400000,507,511.58,512,504.22,18512.76835733
1523854800000,513.9,507.02,516.33,504.05,15821.27628033
1523851200000,516.84,513.9,517.27,511.28,10468.56960144
1523847600000,512.85,516.83,519.39,511.5,12521.49611852
1523844000000,525,512.85,526.91,510.22573609,25874.591622
1523840400000,533.37,524.99,535.7,524.19,16845.55778879
1523836800000,534.03,533.37,537.56,530.84200696,15064.42593263
1523833200000,529.36,534.04,534.18,526.7,8604.85483617
1523829600000,523.81,529.37,530.25879136,522.7,14107.29962874
1523826000000,524.62,523.81,524.63,522.57440027,2637.77991221
1523822400000,525.08,524.63,526.21,522.8,7761.98872231
1523818800000,525.76,525.08,525.76,518.16,10874.02205687
1523815200000,527.28,525.76,529.46284933,525.3,7025.40589603
1523811600000,523.58,527.27,528.53,523.58,5649.05902793
1523808000000,521.63,523.59,525.61,521.63,4116.01998367
1523804400000,527.93,521.63,528.92,521.02,11135.74511664
1523800800000,527.89,527.93,530.17,526.4,8714.68235669
1523797200000,523.65,527.9,530.72,523.64,14387.01319186
1523793600000,521.62,523.65,525.67,520.04,6644.56331386
1523790000000,512.23,521.62,527,512.23,22592.05546927
1523786400000,511.85,512.24,513.41,511.85,1996.21838771
1523782800000,511.9,511.84,514.94,508.81963526,8123.26152204
1523779200000,509.59,511.9,511.93747242,508.27,9771.60921342
1523775600000,512.39,509.59,512.4,507.3,7578.57385623
1523772000000,516.01,512.39,516.02,511.75,7826.04107872
1523768400000,513.02,516.01550835,516.1,509.02,4862.27558511
1523764800000,512,513.01,515.78,511.16,5534.76616642
1523761200000,511.85,512,513.1,509.31,4401.55490379
1523757600000,517.98,511.85,518.64295782,507.96,28994.77929961
1523754000000,507.42,517.97,524,505.09,21538.64581117
1523750400000,502.45,507.42,512.95,502.45,17255.79048164
1523746800000,508.21,502.44,508.22,502.14,5481.335093
1523743200000,506.53,508.21,508.6,506.41,3133.06495573
1523739600000,507.52,506.52,508.49,506.52,2667.74371841
1523736000000,503.99,507.53,508.19,503.2,5990.20183355
1523732400000,501.5,503.99,504.86,500.55,5762.19098262
1523728800000,496.71,501.46,501.47,494.5,4782.30810415
1523725200000,498.55,496.72,498.61,492.48,5102.3775216
1523721600000,494.04,498.55,498.58344841,493,9455.5293947
1523718000000,492.85,493.56,495,491.26,4565.12545309
1523714400000,493.99,492.85,494.86,490.16,4430.96904993
1523710800000,489.66,493.99,494.63,489.01656215,8008.1888261
1523707200000,496.85,489.66,497.3,486.94,13333.0861834
1523703600000,493.31,496.85,499.95,493,8605.85349354
1523700000000,505.47,493.32,506.84,491.8,13236.88486205
1523696400000,508.57,505.37,511.14,501.96,7507.96414793
1523692800000,512.28,509.02,514.93,507.48,5707.79249263
1523689200000,502.9,512.27,514.82,499.67,12946.71548795
1523685600000,499.17,502.74,503.77,499.1,4991.94455227
1523682000000,500.02,499.19,504.2,499.1,7067.08538147
1523678400000,508.8,500.02,508.81,500,8252.39633201
1523674800000,509.53,508.8,510.29,504.81,6987.41271722
1523671200000,507.93,509.54,513.55,503.66,10561.33562361
1523667600000,494.4,507.92,509,493.36,17637.04843661
1523664000000,495.92,494.3,497.83,487.52,11078.54633228
1523660400000,495.72,495.93,502.44,491.86,15966.51256779
1523656800000,490.5,495.99,496,484.08,17621.79807831
1523653200000,493.99,490.46852978,496.14,489.5,10905.22719059
1523649600000,510.2,493.99,511.31,490.1,32370.4956154
1523646000000,515.91,510.2,515.92,507.6,10031.25271875
1523642400000,513.9,515.91,515.91,511.99,5211.79729446
1523638800000,518.99,513.9,519,510.23,10102.54131201
1523635200000,517.02,518.99,519.97,513.99,9942.70949884
1523631600000,513.95,516.87,517.19,509.33,11687.72925586
1523628000000,518.06,513.72,518.41,508,17052.77639042
1523624400000,526.91,518.07,528.02,514.5,23038.18846704
1523620800000,517.9,526.9,528.36,513.92,26639.95123665
1523617200000,513.47023778,517.89,522,513.21,14745.19768937
1523613600000,509.72,513.85,515.6,505,22193.07890989
1523610000000,522.23,509.71,522.23,509.63,34523.56949121
1523606400000,511.8,522.16,524,508,39928.93439859
1523602800000,492.15,511.8,518.16,492.15,31052.28212849
1523599200000,484.96,492.14,494.28,484.86,9145.88622615
1523595600000,486.51,484.99,488.77,480,7765.93212829
1523592000000,490.12,486.57,491,486.57,6134.06157592
1523588400000,493.88,490.5,496.32,490.01,6305.92990185
1523584800000,484.25,493.87,494,484.25,12000.40718544
1523581200000,492.08,484.25,492.08,482.23,11533.67550461
1523577600000,493.85,492.08,506.99,483.34,26218.00772183
1523574000000,491.66,493.55,499.17,486.71,22905.49197078
1523570400000,485.68,491.67,491.67,474.98,16656.87697817
1523566800000,467.79,485.71,488,467.79,20054.27325907
1523563200000,463.55,467.79,467.79,462.88,4929.26628013
1523559600000,458.98,463.55,466.6,458.98,5464.79179454
1523556000000,462.94,458.98,463.45,455.58,8828.99155521
1523552400000,456.62,462.93,467.99,456.62,14731.87510309
1523548800000,465.02,456.62,465.06,452.31,15681.39823557
1523545200000,468.21,465.02,468.21,463.4,8993.6708981
1523541600000,463.75,468.21,471.26,462,23361.02643971
1523538000000,462.69,463.75,465.55,459.24,16412.07270246
1523534400000,462.51,462.57,465.91,454.5,38956.98344524
1523530800000,433.75,462.52,480.1,433.71,104150.92946007
1523527200000,424.49,433.74,434.13,424.1,7457.23132097
1523523600000,423.11,424.5,424.5,421.12,4526.45122007
1523520000000,422.3,423.28409832,424,421.01,4642.10780836
1523516400000,416.25,422.28,422.92,413,16482.91541552
1523512800000,434.01,416.26,434.29,416.24,13541.54954145
1523509200000,437.01,434.01,437.01,432.82,4469.87252005
1523505600000,436.92,437.02342923,437.39,433.76,5612.41968413
1523502000000,437,436.85,438.55069585,432.04,11102.29840361
1523498400000,432.14,437,439.68,431.79,8929.40559427
1523494800000,432.83,432.14,432.83,428.5,7152.97674853
1523491200000,429.74,432.83,433.76,429.74,7465.84468438
1523487600000,422.66,429.74,433.16,422.66,24130.75190416
1523484000000,421.15,422.67,423.1,421,3683.60807773
1523480400000,420.3,421.15,421.37,420,2895.11051644
1523476800000,422.33,420.3,422.41,420,3690.79584811
1523473200000,421.44,422.34,423.26,420.37,3384.30909702
1523469600000,420.45,421.44,425.24,418.83,10324.81371845
1523466000000,419.76,420.45,423,418.97,8283.08834042
1523462400000,419.99,419.76,420.9,418.48,6900.12998966
1523458800000,422.44,419.99,422.76,419.1,11598.70355744
1523455200000,420.26,422.42,423.66,420.2,13960.75742504
1523451600000,415.64,420.26,424.4,415.27,16898.73631718
1523448000000,414.84,415.64,415.71,413.52191914,3230.13162271
1523444400000,413.11,414.84,415.57,409.7,9956.67174151
1523440800000,416.82,413.1,416.82,413.1,2816.68309881
1523437200000,416.81,416.81,416.82,416.81,11.03387893
1523433600000,416.49,416.82,417.19152082,414,4278.01459498
1523430000000,416.85,416.49,417.64,415.59,2282.14617213
1523426400000,417.49,416.84,418.02,414.11,6047.12769985
1523422800000,414.95,417.49,420.09,414.95,8937.65083953
1523419200000,413.16,414.46,414.46,412.7,1670.91679814
1523415600000,415.47,413,415.47,412.12,7065.04569238
1523412000000,415.22,415.47,417.05,414.86,3337.88547317
1523408400000,417.96,415.22,419.05,414.1,8384.62993955
1523404800000,415.12,417.97,420.4,415.11,12409.28810292
1523401200000,410.45,415.12,415.12,409.77,3377.84054316
1523397600000,413.5,410.44,417.9,408.18,9857.58610567
1523394000000,411.07,413.5,413.5,410.79,2648.04858061
1523390400000,411.01,411.06,411.5,408.81,4557.84899414
1523386800000,410.88,411.01,411.81,409.78,3071.93406139
1523383200000,410.9,410.88,411.9,407.39,8486.34220617
1523379600000,406.75,410.89,411.62,406.69,7401.69163889
1523376000000,405.87,406.83,408.67,404.59,11237.68663103
1523372400000,400,405.89,407.25707424,400,13524.15596492
1523368800000,398.49,400.01,401.05,398.19,4759.20690415
1523365200000,397.19,398.49,398.64,397.18,3480.9558413
1523361600000,395.92,397.19,398.55,395.16,4959.13827449
1523358000000,393.2,395.92,396.1,391,6140.57339725
1523354400000,397.17,393.2,397.38,391.85,8199.53802365
1523350800000,394.89,397,398.05,393.93,13979.92275075
1523347200000,395.67,394.89,395.9,392.72,11354.5140976
1523343600000,395.45,395.76,397.5,393.89,3571.13779496
1523340000000,400.62,395.14,401.65,395.06,3960.36189351
1523336400000,400.12,400.61,401.6,398.32,3748.24104215
1523332800000,399.97,400.11,403.33,398.7,5657.08205954
1523329200000,396.89,399.9,400,396.88,3811.64761023
1523325600000,396.64,396.86,398.64,396.63,1956.63622524
1523322000000,397.76,396.64,397.76,394.64,2086.57963175
1523318400000,398.8,397.75,400.14,396.53,4738.54952314
1523314800000,392.72,398.82,398.84,392.71,4645.53765835
1523311200000,395.37,392.72,395.37,391.9,5838.17589122
1523307600000,390.21,395.61,395.98,390.16,4591.3181286
1523304000000,394.06,390.19,394.3,389.01,9685.65917865
1523300400000,400.1,394.05,400.5,391.46,12375.6954396
1523296800000,398.43,400.1,402.15,397.48,4689.66799093
1523293200000,395.53,398.43,399.21,395.41,3095.68515502
1523289600000,396.9,395.53,398.11,394.3,5233.11915758
1523286000000,393.59,396.9,398.8,392.75,11889.05418457
1523282400000,392.47,393.6,393.66,387.27,14624.61358109
1523278800000,395.06,392.48,396,392.01,10721.77688089
1523275200000,394.9,395.02,399.46,392,14548.0071664
1523271600000,402.57,394.9,402.76,394,28045.8674527
1523268000000,420.17,402.57,420.67,402.56,38009.92437009
1523264400000,429.4,420.17,430.73,416.97,37679.86067284
1523260800000,419.06,429.4,429.4,419.06,28007.51463751
1523257200000,411.55,419.06,419.07,411.02,17497.94798321
1523253600000,412.96,411.55,413.77,408.99,13202.19881337
1523250000000,411.21,412.96,413.3,408.7,7961.71323037
1523246400000,411.5,410.69,413.43,407.16,8832.58163246
1523242800000,408.29,411.5,411.5,406,6558.51885849
1523239200000,410.59,408.29,414,407.23,17264.9041856
1523235600000,407.09,410.59,413,407.09,10406.60759606
1523232000000,400.34,407.09,410,400.33,14493.39076996
1523228400000,400,400.33,401.02,398,12739.11600799
1523224800000,397.82,400,402.24,397.81,19238.31343551
1523221200000,396.87,397.89,397.99,396,11762.65434972
1523217600000,399.17,396.89,400,394.78,7164.57222369
1523214000000,398.58,399.16,399.18,397.4,2023.11348632
1523210400000,396.81,398.59,398.59,395.27,4684.46851213
1523206800000,397.61,396.81,398.59,394.64,5793.60819119
1523203200000,401.11,397.6,401.4,397.51,6111.02307803
1523199600000,398.07,401.21,404.4,398.06,6717.80873871
1523196000000,400.76,398.07,401.12,397.51,3363.85259533
1523192400000,403.56,400.75,404.1,399.97,4312.53498864
1523188800000,400.96,403.56,404,398.4,9657.66851989
1523185200000,392.51,400.96,401,392,9129.26862129
1523181600000,392.68,392.59,393.96,392.37,1583.41749788
1523178000000,391.4,392.68,393.96,391.4,4129.04558567
1523174400000,389.82,391.4,391.81,389.82,2000.23333196
1523170800000,387.35,389.82,390,387.34,1838.97832868
1523167200000,388.43,387.35,388.44,386,1989.71273812
1523163600000,389.37,388.43,392.73,386.24,5330.29237064
1523160000000,389.28,389.37,391,388.21,2591.6031805
1523156400000,386.17,389.29,389.42,385.57,1840.62959552
1523152800000,386.04,386.17,387.26,385.24,2426.05715756
1523149200000,386.81,385.94,388.46,384.81,3493.59624502
1523145600000,384.26,386.82,389.7,384.25,5046.01274728
1523142000000,385.55,384.16,386.4,383.42,5339.78682869
1523138400000,390.72,385.55,391.58,384.47,4066.89633879
1523134800000,391.97,390.73,391.97,389.39,1482.16270323
1523131200000,388.98,391.96,391.98,388,3480.67036208
1523127600000,388.52,388.99,389.24,386.73,3893.680027
1523124000000,391.37,388.78,391.79,386.8,4440.98438648
1523120400000,391.7,391.37,393.65,390.01,4304.38868109
1523116800000,388.01,391.69,404.8,386.66,29338.83620826
1523113200000,380.95,388.01,390.86,380.95,10945.80729578
1523109600000,380.63,380.96,382.29,380,3713.43500119
1523106000000,383.43,380.63,383.44,376.8,6006.19866729
1523102400000,381.5,383.44,384.41,381.49,2996.92101298
1523098800000,381.44,381.5,381.93,380.8,1756.20347919
1523095200000,381.41,381.44,381.7,380.7,1858.88436993
1523091600000,382.81,381.41,382.81,381.27,2387.19039866
1523088000000,381.64,382.81,388.95,381.63,10814.75393721
1523084400000,381.91,381.64,381.91,380.06,2550.78636934
1523080800000,381.28,381.91,382.02,381.13,2798.45477997
1523077200000,380.22,381.28,382.69,380,3970.54429156
1523073600000,381.99,380.22,382.13,379.87,7302.94151887
1523070000000,379.23,381.98,382.74,379.08,5671.66770141
1523066400000,378.81,379.22,380.8,377.94,5398.68520796
1523062800000,370.71,379.08,381.78,370.71,16871.53197777
1523059200000,369.73,370.72,370.94,368.85104961,2354.08261034
1523055600000,366.22,369.73,369.99,365.66,5434.63427438
1523052000000,369.63,366.22,369.63,366.17,1975.16746165
1523048400000,368.99,369.63,370.53,368.99,2653.53220192
1523044800000,370.63,368.99,370.73,368.1,2232.70875962
1523041200000,369.4,370.29,370.73,367.51,2886.83423217
1523037600000,369.29,369.4,372.35,368.19,5892.06519745
1523034000000,368.21,369.29,369.79,366.46,3288.33801064
1523030400000,365.82,368.22,369.7,365.81,5565.16543442
1523026800000,365.79,365.82,366.51,364.65,4013.37022737
1523023200000,368.27,365.8,368.51,365.61,4820.54951867
1523019600000,367.5,368.27,368.46164806,364.9,10030.10048801
1523016000000,368.76,367.3,368.76,364.56,5051.78500677
1523012400000,363.04,368.76,371.92,363,8062.7838777
1523008800000,370.01,363.04,370.01,363.03,8969.92698109
1523005200000,369.90825688,370.01,370.6,367.85,4176.91845841
1523001600000,368.01,369.9,372.16,366.34862385,11144.60132672
1522998000000,368.3,368,369.18,365.44,12877.62296931
1522994400000,376.06,368.3,376.35,365.17,20605.39036221
1522990800000,377.53,376.09,383.08,375.54,6572.57208093
1522987200000,377.31,377.66,379.01,375.2,5000.71097857
1522983600000,378.81,377.31,379.6,376.51,4531.63377145
1522980000000,380.66,378.81,381.3,377.44,4248.47247822
1522976400000,382.85,380.67,384.43,378.69,5775.6949653
1522972800000,380.99,382.85,385.47,380.99,5153.43794028
1522969200000,382.99,380.99,385.65085008,380.97,5434.13646655
1522965600000,375.48,382.98,384.53,375.47,5422.36685745
1522962000000,377.49,375.48,377.6,372.6,4544.95232145
1522958400000,376,377.49,378.15,375.74,2297.06019892
1522954800000,374.66230105,376.01,378.17,374.59,3556.91057146
1522951200000,374.32,374.52,378.11,373.47,7715.53659312
1522947600000,374.42,374.31,378.9,372.69,6799.74456583
1522944000000,377.72,374.38426058,379.9,372.6,11947.05211873
1522940400000,379.95,377.62,380.62,375.95,10437.74719767
1522936800000,383.67,379.95,388.24,379.65,16959.03883068
1522933200000,375.34,383.71,383.98,372.6,7554.95555222
1522929600000,379.38,375.34,379.39,371.34,10779.99639241
1522926000000,379.55,379.39,382.61,379,2691.36800701
1522922400000,381.43,379.55,381.43,377.58,6549.98654336
1522918800000,381.89,381.43,383.88,380.91,4884.49197646
1522915200000,379.43166242,381.89,383.91,378.27,8524.35666408
1522911600000,377.22,379.39,380,375.54,5514.4479863
1522908000000,382.06,377.21,382.2,376.51,5288.99479995
1522904400000,379.12,382.05,382.99,377.65,10153.36631878
1522900800000,378.91,379.12,382.67,376.4,10372.11249489
1522897200000,369.71,378.92,379.99,369.35,7082.25095846
1522893600000,367.94,369.7,371.36,366.11,9174.31471254
1522890000000,372.26,367.94,373.24,366.51,12252.49511824
1522886400000,378,371.81,379.41,371.8,6562.60804621
1522882800000,375.72,377.99,380.73,374.6,5986.63451814
1522879200000,377.82,375.75,379.4,373.33,7886.0177691
1522875600000,381.43,377.83,382.05,375.25,5490.85146878
1522872000000,380.98,381.43,385.34,380.97,6349.31453768
1522868400000,379.23,380.98,383.45,376,8350.82983777
1522864800000,379.01,379.23,381.61,373.91,12120.65776173
1522861200000,379.37,379,380.75,376.88,9948.88471831
1522857600000,371.19,379.37876005,381.33,371.18,13304.47009084
1522854000000,373.96,371.19,377.01,368.01,27875.27059746
1522850400000,385.58,373.96,385.58,370,29794.10314195
1522846800000,385.47,385.57,387.79,384.08,6370.69068854
1522843200000,384.49,385.56,386.08,381.21,9850.18221026
1522839600000,381.25,384.49,385.73,380.8,13181.51558868
1522836000000,389.59,381.24,391.2,381.02,23788.11197901
1522832400000,403.37,389.59,403.38,389,21466.33617609
1522828800000,403.41,403.31,404.76,402.03,2395.3458521
1522825200000,404.79,403.53,406.95,403.02,3620.84167413
1522821600000,404.14,404.78,406.9,403.3,2970.55457727
1522818000000,401.72,404.14,407.44,401.71,5721.44702393
1522814400000,402.1,402.11,402.53,399.46,5796.05148383
1522810800000,401.31,402.09,405.05,401.31,4603.89881907
1522807200000,406,401.32,406.55,400.1,8441.14797701
1522803600000,415.69,406,415.7,404.03,13747.91499299
1522800000000,415.43,415.69,416.87,412.11,7506.95377635
1522796400000,412.96,415.44,416.4,411.4,6257.05921482
1522792800000,415.09,412.96,415.1,410.41,4575.74831636
1522789200000,413.6,415.09,415.74,411.21,3856.6591696
1522785600000,412.9,414,417.88,411.5502639,7723.85786204
1522782000000,411.28,412.9,417.85,410.93,13370.78754227
1522778400000,406.86,411.29,412.45,404.99,15105.9511044
1522774800000,404.9,406.8,406.8,403.18,4613.17392388
1522771200000,403.91,404.91,406.38,401.3,6544.57949618
1522767600000,402.47,403.71,405.31,401.75,5440.36884469
1522764000000,402,402.47,402.74,397.5,9644.09988321
1522760400000,402.55,402,406.55,400.68,8298.51783133
1522756800000,397.96,402.55,404.87,396.28,8120.00727584
1522753200000,398.14,397.96,399.5,395.43,6031.26673013
1522749600000,402.05,398.22,405,396.37,13619.48241457
1522746000000,398.51,402.05126689,403,396.85,10302.87808684
1522742400000,401.19,398.51,402.63,397.67,7084.32587157
1522738800000,396.1,401.18,402.87,395.38,10725.72995806
1522735200000,395.28,396.09,396.46,394.58,4423.56074233
1522731600000,396.71,395.27,397.87,391.46,10770.91043976
1522728000000,390.58,396.34,399.99,390.57,25397.35384065
1522724400000,390,390.57,392,388.03,13551.86188462
1522720800000,379.95,390,391.64,379.83,14333.64108315
1522717200000,382.4,379.95,383,379.87,5991.32101884
1522713600000,384.25,382.4,387.33,381.78,7428.40221825
1522710000000,382.7,384.25,385.51,381.81,4987.20733965
1522706400000,381.16,382.71,385.74,380.74,8110.58753454
1522702800000,378.34,381.84,383.14,376.8,7394.21659486
1522699200000,381.93,378.48,382.6,375.98,9192.36312967
1522695600000,383.59,382.15,385.5,380.33,3819.31479841
1522692000000,384.32,383.59,385.58,382.23,3112.95537261
1522688400000,387.7,384.27,387.7,382.93,7028.93712383
1522684800000,389.71,387.71,390.41,385.82,6532.08846491
1522681200000,384.93,389.72,391.87,384.93,6287.2936057
1522677600000,389.49,384.97,389.49,380.6,8971.05877721
1522674000000,387.05,389.49,391.67,386.96,10528.94708247
1522670400000,391.08,387.06,391.08,385.37,7832.23125788
1522666800000,390.71,391.07,394,389.79,6777.26510973
1522663200000,391.32,390.72,392,388,10059.50033807
1522659600000,391.58,391.32,393.29,390.46,7016.80686901
1522656000000,388.94,391.81,393.2,387.03,13803.49383372
1522652400000,380.94,388.95,390,380.94,15411.52308087
1522648800000,382.49,380.94,384.71,380.94,3384.5727059
1522645200000,379.57,382.48,384.14,378.00679756,5357.42663912
1522641600000,383.06,379.57,384.68,377.96,5488.5681071
1522638000000,382.64,383.41,385,380.99,5733.66675547
1522634400000,380,382.64,383,378.7,10794.68637086
1522630800000,384.28,379.99,386.13,379.45,10181.17247055
1522627200000,378.67,383.67,388,375.26,17850.01927095
1522623600000,377.11,378.67,380.68,376.03,5372.68488842
1522620000000,378.2,377.15,380.76,375.82,8399.22074393
1522616400000,381.57,378.2,382.89,377.01,3280.41070711
1522612800000,382.78,381.75,385.98,379.01,8015.76761579
1522609200000,379.21,382.78,389.48,379.2,18436.50922922
1522605600000,380.06,379.21,383.48,377.01,12783.0458694
1522602000000,374.03,380.05,382.5,374,21129.8802193
1522598400000,360.91,374.03,380,360,52226.74799442
1522594800000,363.94,360.9,366.32,360.9,11669.87963085
1522591200000,368,363.94,368.01,358,42090.96537272
1522587600000,375.43,368,375.43,365.88,27688.89884107
1522584000000,374.91,375.44,376.63,374.42,5474.46815616
1522580400000,378.47,374.9,378.75,373.48,8077.92656101
1522576800000,383.13,378.48,383.13,377.2,10625.11754423
1522573200000,377.13,383.12,383.43,371.31,18273.49571698
1522569600000,377,377.14,379.2,375.94,8546.53058374
1522566000000,385.51,377,385.91,373.84,28100.35764693
1522562400000,394.48,385.51,394.59,385.3,14010.45875646
1522558800000,394.41,394.88,395.27,394.3,1888.68259831
1522555200000,393.27,394.41,395.25,393.27,1696.12127317
1522551600000,393.9,393.18,395.52,393.02,2087.14626194
1522548000000,397.15,393.9,397.16,392.5,3985.33289328
1522544400000,394.45,397.15,398.39,394.43,1986.53323004
1522540800000,393.65,394.43,398.86,390.1,9892.37028
1522537200000,395.63,393.37,395.64,392.21,3136.14412482
1522533600000,393.15,395.64,395.97,392.85,4139.39833764
1522530000000,393.28,393.1,395.09,389,6728.57854271
1522526400000,398.55,393.68,398.55,389.39,12362.86423114
1522522800000,399.62,398.55,401.5,393,12510.06899257
1522519200000,403.71,399.61,404.11,398.2,5792.00399313
1522515600000,406.52,403.71,408.12,399.9,9557.44424708
1522512000000,402.18,406.52,409.51,402.01,10543.11755393
1522508400000,402.99,402.18,403.7,400.02,6284.8927192
1522504800000,400.01,403,403,396.03,7420.16976176
1522501200000,407.1,400.01,407.1,399.23,9269.34816404
1522497600000,401.72,407.3,410.64,399.86,14376.49258135
1522494000000,403.75,401.76,405.3,400,10115.96074552
1522490400000,401.45,403.75,412.5,396.15,24469.79666538
1522486800000,394.83,401.57,402.61,393.35,9013.62033563
1522483200000,391.52,394.77,399,391.51,8095.67461625
1522479600000,390.97,391.52,394.86,389,11919.8242725
1522476000000,399.6,390.97,399.6,390.7,11258.60472958
1522472400000,409.23,399.6,409.23,396,17152.19962899
1522468800000,405.38,409.22,412.18,405.01,6130.55097745
1522465200000,412.92,405.45,412.92,405.13,9050.69784084
1522461600000,413.75,412.77,418.6,407.6,20991.80561819
1522458000000,403.27,413.75,418.79,401.35,27371.36191481
1522454400000,393.08,403.26,404,393.08,15590.87823715
1522450800000,386.32,393.08,395.8,385.12,8415.94949494
1522447200000,394.9,386.31,395.19,385.96,15173.23827026
1522443600000,385.22,394.92,395.7,385.19,12761.38344517
1522440000000,381.39,385.4,388.6,377.36,12065.81312936
1522436400000,376.94,381.39,385.02,375.4,16864.95259121
1522432800000,375.81,376.83,378.31,372.84,9692.62997107
1522429200000,374.58,375.99,378.93,370.01,22584.07208867
1522425600000,380,374.45,385.71,365.27,33411.67403174
1522422000000,378.02,380,380,369.89,23982.32625543
1522418400000,387.6,378.01,388.61,377.07,24663.46242945
1522414800000,393.94,387.6,396.44,385,11194.0906453
1522411200000,390.83,393.93,394.47,386.01,12929.19324419
1522407600000,386.73,391.09,392.31,384.4,14325.40763583
1522404000000,392.72,386.74,399.7,385.37,25942.48426658
1522400400000,397.02,392.72,403.51,392.69,12061.88524694
1522396800000,404.37,397.01,411.43,396.92,20433.40366268
1522393200000,392.49,404.37,408.01,387.41,24743.00500227
1522389600000,394.27,392.67,403,386.25,28440.33289179
1522386000000,369.21,394.22,399.57,367.82,43143.32504376
1522382400000,377.5,369.2,378.19,364.65,18624.6958206
1522378800000,374.96,377.08,380.78,372.43,12516.88971261
1522375200000,379.7,374.59,382.9,370.49,18042.85543442
1522371600000,373.07,379.71,384.06,365.73,42745.73061719
1522368000000,384.11,373.06,387.68,372,37197.84846851
1522364400000,389.43,384.1,392.99,383.53,16405.84662654
1522360800000,386.39,389.43,400.33,383.95,33542.91659878
1522357200000,386.06,385.55,396.12,379.6,52768.54506494
1522353600000,399.53,386.07,402.15,386,33451.51027923
1522350000000,406.6,399.5,408.68,397.5,9476.74304492
1522346400000,407.09,406.6,409,403.75,6352.05901567
1522342800000,413.1,407.09,415,405.5,9278.79716321
1522339200000,406.73,413.09,418.15,406.21,33137.44459035
1522335600000,403.24,406.76,407.1,397.73,23675.51260092
1522332000000,405.9,402.85,410,395,58402.32843134
1522328400000,406.72,405.92,410.57,403.92,16519.64593415
1522324800000,408.74,406.69,415,405.6,10975.50176567
1522321200000,410.55,408.74,412,405.38,9414.41183413
1522317600000,411.61,410.55,415.5,407,16983.08076186
1522314000000,416,411.8,418.9,408,11907.08272108
1522310400000,413.69,415.97,418.99,409.96,17402.33933886
1522306800000,419.61,413.69,419.9,412.5,14976.22192204
1522303200000,417.83,419.61,421.26,415.76,23729.13954594
1522299600000,420.55,417.82,427.73,417.5,18825.47571858
1522296000000,439.43,420.33,439.44,420,32241.96180152
1522292400000,444.18,439.44,444.18,438.23,7616.2854254
1522288800000,443.18,444.18,444.3,441.1,4417.5181682
1522285200000,447.01,442.96,448,441.54,5405.25473625
1522281600000,445.37,447.59,447.6,444.31,3198.61601959
1522278000000,445,445.49,447.69,443.44,2127.26984543
1522274400000,442.83,445,450.99,442.74,7763.69019852
1522270800000,446.19,442.84,447.5,440.18,7694.3960742
1522267200000,446.39,446.09,447.76,445,2752.08691597
1522263600000,448.12,446.39,448.97,445.51,3594.27258935
1522260000000,448.1,448.11,449.84,445.56,2780.10808303
1522256400000,446.39,449,449.2,444.98,4625.83763512
1522252800000,445.32,446.62,449.12,444.79,5156.63534094
1522249200000,447.59,445.34,450,443.92,10382.2439031
1522245600000,459.7,447.59,460,447.09,13260.09205333
1522242000000,455.62,459.7,459.7,455.62,4564.88923693
1522238400000,460.4,455.74,461.8,453.8,4611.95046553
1522234800000,460.5,460.15,465.62,459.06,6797.0616498
1522231200000,463.8,460.22,464.67,458.61,4754.06803066
1522227600000,452.06,463.96,464.37,452.05,15018.02962647
1522224000000,451.99,452.06,460,446.81,7369.53973247
1522220400000,455.57,451.99,460,451.21,4553.84725406
1522216800000,447.44,455.58,456,447.43,12003.8639254
1522213200000,446.77,447.44,448.83,445.41,4862.51000662
1522209600000,449.26,446.8,449.56,446,3803.85620228
1522206000000,445.63,449.56,449.99,445.17,4660.26819597
1522202400000,445.9,445.62,447.83,440,8080.28544491
1522198800000,440.84,445.9,448,439.99,8225.02836346
1522195200000,448.2,440.85,450,438.69,15607.40430761
1522191600000,458.64,448.22,460.34,446.1,8867.51101843
1522188000000,459.5,458.65,480,455.91,9975.20020691
1522184400000,459,459.25,461.37,454,5290.38721031
1522180800000,456.35,459.01,462.66,454.32,7223.01503112
1522177200000,454.66,456.35,458.68,452.61,3824.12733835
1522173600000,454.64,454.66,458.72,451.6,4258.402567
1522170000000,468.56,454.65,468.56,451.24,9704.20740504
1522166400000,467.5,468.72,470,465.32,6597.6002733
1522162800000,462.46,467.58,470,461.36,14457.37481801
1522159200000,460.29,462.47,465.2,458.22,8104.28881876
1522155600000,449.34,460.29,463.33,449.33,34925.2420032
1522152000000,457.25,449.33,457.6,446,25711.04801623
1522148400000,460.43,457.26,461,455,5749.58918552
1522144800000,451.99,460.48,464.89,451.99,13143.27719238
1522141200000,460.17,452,461.56,451.39,19730.41568955
1522137600000,464.43,460.17,468.39,459,10150.15140423
1522134000000,467.81,464.43,468.76,460.96,8291.948423
1522130400000,462.52,467.81,468.38,458.91,10524.56235606
1522126800000,452.66,462.53,462.53,449.72,20983.84458026
1522123200000,463.12,452.68,466.07,448.49,33248.54623471
1522119600000,464.82,463.5,469.79,457.84,24902.54899996
1522116000000,478,464.85,478.01,462.98,19623.85720206
1522112400000,489.67,478,491.08,478,2717.65778207
1522108800000,485.21,489.77,491.5,485.2,2901.8159271
1522105200000,491.71,485.2,495.84,485,6676.39191889
1522101600000,473.09,491.71,494,472.75,16939.62634099
1522098000000,474.19,472.82,474.72,470.62,4711.88546542
1522094400000,474.11,474.19,477.38,471.63,5211.12275577
1522090800000,468.77,474.11,482.54,466.63,16743.77760203
1522087200000,469.79,468.75,474.26,467.51,6603.21106408
1522083600000,484.49,469.79,485.04,467.56,17160.6097174
1522080000000,482.45,484.49,486.4,481.65,7105.23502326
1522076400000,484.83,482.45,486.95,479.41,4517.22958758
1522072800000,487.22,484.83,488.36,479.41,10272.83143078
1522069200000,489.04,487.2,493.86,483.5,8527.28532455
1522065600000,484.91,489,494.14,476.97,20680.74387824
1522062000000,501,484.91,501.01,480,30935.24535527
1522058400000,507.29,501,508.75,501,9564.87398834
1522054800000,513.25,507.53,513.72,505,9470.87247012
1522051200000,515.98,513.25,517.68,511.8,10157.78656762
1522047600000,518.99,515.99,519.76,515.72,10430.15360031
1522044000000,520.82,518.99,522.14,517.91,4221.36998959
1522040400000,520.36,520.82,522.82,519.16,2928.59073325
1522036800000,520.24,520.36,521.37,518.16,2423.90624711
1522033200000,520.99,520.38,522.98,518.79,5658.24585244
1522029600000,516.96,520.99,521.9,516.48,3663.81455298
1522026000000,516.97,516.95,519.68,516.48,4883.32047792
1522022400000,522.41,517.09,525.37,516.12,4954.84851341
1522018800000,523.3,522.41,524.95,518,5541.84697841
1522015200000,531.79,523.29,537,523,7292.02915743
1522011600000,526.2,531.79,531.79,526,2522.25459386
1522008000000,525.43,526.23,528,521.51,2257.68553676
1522004400000,526.57,525.43,529.31,522.62,2570.79698712
1522000800000,519.95,526.64,529.01,519.94,8242.54164808
1521997200000,520.9,519.95,522.01,515.76,1782.8968634
1521993600000,514.53,520.9,522.02,514.53,3763.50483516
1521990000000,519.65,514.53,520.4,514.44,4714.39377828
1521986400000,522.33,519.62,526.54,519.08,4870.35801135
1521982800000,519.04,522.32,523.1,516.82,3105.79243428
1521979200000,515.21,519.24,522,513.4,4126.03823382
1521975600000,517.36,515.2,517.44,512.87,5204.66861477
1521972000000,518.26,517.36,519.18,515,2587.45176063
1521968400000,519.3,518.26,519.32,517.56,1858.04097676
1521964800000,517.52,519.3,521.76,516.32,1902.87311748
1521961200000,520.55,517.51,521.53,514.53,2923.6713212
1521957600000,519.52,520.82,522.55,519,2426.51759259
1521954000000,519.51,519.52,523,519.1,1957.41297011
1521950400000,521.46,519.27,521.81,517.71,1534.06286454
1521946800000,515.4,521.48,521.83,515,1989.58334136
1521943200000,518.84,515.42,520.33,515.07,1656.59039278
1521939600000,519.25,518.84,522.12,515.87,3904.83589522
1521936000000,518.8,519.2,520.33,515.47,2763.22651592
1521932400000,526.41,518.8,528.55,517.85,9464.13397388
1521928800000,526.96,526.41,529.13,522.2,6613.47042292
1521925200000,538.47,526.87,538.47,525.79,4793.66314759
1521921600000,535.93,538.78,540.01,535.75,3536.76849005
1521918000000,535.52,535.96,539.15,533.3,2204.50850951
1521914400000,533.6,535.05,536.98,532.36,3141.85967247
1521910800000,538.15,533.6,538.94,532.33,4185.35210253
1521907200000,538.82,538.03,539.35,535.34,2764.14350153
1521903600000,541.22,538.82,541.88,536.1,4115.34177353
1521900000000,536.42,541.23,544.14,534.18,5524.79224982
1521896400000,536.01,536.43,537.15,534,3768.23577204
1521892800000,527.2,536.01,539.66,525.06,6425.62145417
1521889200000,529.46,527.2,530.83,524.77,4355.13305473
1521885600000,536.49,529.46,536.5,523.99,12847.96259948
1521882000000,537.95,536.49,539,536.13,2559.49720681
1521878400000,540.69,537.95,541.34,537.73,2341.05485555
1521874800000,538.55,540.69,542.38,538.21,1713.67009288
1521871200000,535.86,538.55,540.41,535.78,2371.64695432
1521867600000,542.6,535.86,543.5,535.78,4017.43559524
1521864000000,538.56,542.2,543.5,537.85,4871.26684559
1521860400000,538.71,538.61,539.53,537.94,1511.61155685
1521856800000,535.03,538.79,539.69,534.79,1992.8180415
1521853200000,542.07,535.05,543.39,534.9,3842.9551709
1521849600000,543.86,542.06,546.36,538.91,9687.48256899
1521846000000,530.13,543.85,544.28,529.18,7677.66522976
1521842400000,528.51,530.03,531.43,526.67,3855.79753467
1521838800000,524.12,528.41,529.3,523.66,2579.74497191
1521835200000,525.85,524.32,526.14,522.2,2956.6972662
1521831600000,523.7,525.97,527.49,521.41,2350.55640848
1521828000000,525.94,523.7,529.75,520,5801.49226829
1521824400000,525.57,525.95,527.26,522.4,2633.6829681
1521820800000,525.39,526.31,527.32,522.11,3668.74300852
1521817200000,526.51,525.39,531.26,524,5646.05680355
1521813600000,513.78,526.51,528.92,513.78,8989.44378572
1521810000000,507.58,513.78,513.78,507.12,8178.58750541
1521806400000,524.74,507.58,524.74,504.58,14067.16819037
1521802800000,518.47,524.99,525.44,516.07,3078.19577036
1521799200000,520.95,518.47,522.96,516.71,3350.64428015
1521795600000,519.7,520.91,523,519.69,5124.49638185
1521792000000,510.54,519.7,523.58,510.54,8112.90584709
1521788400000,513,510.87,513.8,508.81,17756.17356218
1521784800000,518.1,513,523.19,511.99,13761.20700532
1521781200000,515.78,518.09,518.1,510.2,7971.60858844
1521777600000,514.5,515.79,522,514.5,5401.08694502
1521774000000,514,514.3,515.99,508.99,22693.34696834
1521770400000,530.86,514,530.87,512.7,26458.77145793
1521766800000,533.54,530.87,533.66,526.25,8106.64964271
1521763200000,539.2,533.54,539.2,533.14,3020.17268088
1521759600000,537.26,539.19,543.05,535.51,4673.43323292
1521756000000,530.7,537.27,537.99,530.01,3012.12883845
1521752400000,527.33,530.69,532.14,524.33,2629.1589223
1521748800000,530.86,527.25,531.02,524.45,5877.58905612
1521745200000,533.93,530.87,536.99,525.84,4733.93532725
1521741600000,537.11,534.19,537.89,530.95,3825.60142917
1521738000000,528.99,536.87,537.3,525.85,5514.99267482
1521734400000,531.01,528.99,539.1,526.79,10440.71166697
1521730800000,517.01,531,531.01,516.2,13374.33149742
1521727200000,528.51,517.01,532,514,26627.66414912
1521723600000,540.37,528.5,541.29,525,7224.72277393
1521720000000,535.36,540.37,543.27,533.92,4736.70576008
1521716400000,539.62,535.48,541.73,533.92,4491.17143921
1521712800000,546.54,539.62,546.66,526.41,31378.4570877
1521709200000,565.41,546.55,568,542.23,11765.98824283
1521705600000,562.55,565.51,566,562.4,3300.38922299
1521702000000,565.99,562.68,565.99,557.73,5962.11385621
1521698400000,566,565.99,569.65,564.99,2540.44885234
1521694800000,569.58,566,571.71,564.92,3548.16206985
1521691200000,568.86,569.08,569.83,566.21,2405.17801839
1521687600000,573.39,568.87,578.18,565.93,9834.1072529
1521684000000,572.33,573.38,574,572.11,2636.51478463
1521680400000,569.54,572.34,573.34,566.25,4646.9813108
1521676800000,558.83,569.53,571.92,558.82,6441.07435677
1521673200000,554.25,558.78,560.69,550,6376.95370308
1521669600000,558.86,554.14,563,553.7,5649.68742172
1521666000000,558.07,558.86,564.9,556.95,4978.30840332
1521662400000,559.15,558.15,563.69,555.58,5634.76407529
1521658800000,558.79,559.6,564.67,558.04,5438.00215843
1521655200000,552.89,558.87,561.8,545.13,15799.53607462
1521651600000,556.28,552.89,558.5,544.49,22718.76789482
1521648000000,575.16,556.1,575.78,555.54,17710.3757995
1521644400000,575,575.17,585,574.83,6779.44242638
1521640800000,571.85,575.02,578,568,8680.84208747
1521637200000,572.99,571.97,578.96,570.44,4095.24939823
1521633600000,572.96,572.5,577.8,570,3480.54887617
1521630000000,572.97,572.97,572.97,572.96,0.2789
1521626400000,572.96,572.97,572.97,572.96,1.05
1521622800000,567.22,572.97,573.69,566.85,2383.12809579
1521619200000,570.02,567.35,573.88,566.15,12759.32260903
1521615600000,583.71,570.03,585.01,569.1,9918.98257611
1521612000000,582,583.72,584.86,575.31,10467.93322357
1521608400000,581.24,582,590.11,581.07,9114.88705595
1521604800000,569.87,581.39,590,569.46,15762.39965268
1521601200000,559.29,569.88,569.92,557,6942.02921451
1521597600000,559.05,559.3,561.95,557.32,3052.83963114
1521594000000,557.08,559.04,560.66,556.33,3039.91435915
1521590400000,556.38,557.08,558.68,551.79,4711.91711085
1521586800000,560.42,556.38,560.42,550,6847.12787724
1521583200000,562.44,560.5,565,558.52,4737.75593038
1521579600000,558.2,562.47,563.41,553.3,6368.60597907
1521576000000,559.52,558.12,567.3,554.22,25928.70545427
1521572400000,553.27,559.51,560,549.5,13613.23314087
1521568800000,555.33,553,556.6,551.53,9078.51032298
1521565200000,551.4,555.33,559,547.51,12880.82185896
1521561600000,533.87,551.49,554.47,533.86,18583.74446023
1521558000000,534.85,533.87,541.82,533.42,5775.99667322
1521554400000,532.02,534.84,536,530,4687.46742788
1521550800000,537.19,532.13,539.95,530.75,6041.37843188
1521547200000,532.1,537.19,542,528.2,6056.7983011
1521543600000,528.59,532.23,533.86,523.29,7418.68903991
1521540000000,526.05,529.08,529.74,523.83,5240.31815974
1521536400000,520.09,526.05,529,516.08,10831.85986667
1521532800000,526.5,520.34,527.96,518.21,13380.62545139
1521529200000,538.22,526.33,539.32,524.4,13122.12693665
1521525600000,537.79,538.23,541.47,533.7,5041.72981584
1521522000000,533.77,537.8,539.02,528.75,7419.26087678
1521518400000,553.71,533.89,553.99,530.88,11840.00399045
1521514800000,549.53,553.44,555,547.36,7264.62609058
1521511200000,544.39,549.55,552.23,540.65,10281.64912887
1521507600000,549.83,544.39,551.9,540.41,5733.23050384
1521504000000,555,549.83,555,545,8458.10610385
1521500400000,539.41,554.99,555,536.99,16602.18129387
1521496800000,541.9,539.41,552.28,537.55,11616.66134379
1521493200000,541.34,541.69,545.2,541.02,4242.7122598
1521489600000,535.29,540.8,542.98,534.6,9101.50296876
1521486000000,532.09,535.29,539,530.01,7175.17931819
1521482400000,531.66,532.1,539.71,529.54,7254.30565006
1521478800000,537.68,531.67,539.29,527.83,15149.43119566
1521475200000,548.79,537.68,558,537,23749.86115911
1521471600000,546.3,548.79,553,539.8,10262.85739873
1521468000000,545.03,546.21,553,542,26879.43105756
1521464400000,527.9,545.04,550,524.5,22023.59431223
1521460800000,537.32,528.21,537.33,521.46,13712.43359836
1521457200000,525.69,537.33,538.8,525.33,12315.70837539
1521453600000,526.35,525.61,526.53,513.52,27518.28251842
1521450000000,544.6,526.38,545.53,525.8,21838.9122886
1521446400000,545.5,544.7,552.72,544.32,15290.72148941
1521442800000,539.88,545.5,546.85,538.79,7435.40416651
1521439200000,546.32,539.88,549.4,536.34,8390.52234702
1521435600000,531.31,546.33,546.69,531.04,9718.98157122
1521432000000,526.93,531.32,532.91,526.91,5233.38056961
1521428400000,530.69,526.94,535.79,524.4,5712.66188711
1521424800000,533.74,530.84,539.77,525.5,9109.47361923
1521421200000,547.43,533.74,548.89,517.74,26813.80967518
1521417600000,536.72,547.5,558.53,536.59,29723.19318805
1521414000000,530.69,536.73,549.3,529.99,20751.48684138
1521410400000,551.84,530.7,553.5,523.2,26875.70734003
1521406800000,506.44,553.09,562.2,505.77,54496.25595773
1521403200000,485.92,506.45,508.8,485.16,26472.34921907
1521399600000,482.08,485.95,491.6,472.44,25613.52952645
1521396000000,487.25,482.01,502.82,481.3,31939.09519641
1521392400000,471.1,487.14,490,465.3,24769.66432343
1521388800000,461.13,471.1,480.28,455.25,43869.23279481
1521385200000,473.57,461.12,476.36,460,34790.57105394
1521381600000,480.39,473.58,482.98,452.32,86532.3741501
1521378000000,501.11,480.39,502,477.11,55524.41815545
1521374400000,517.8,501,518.01,498.02,26887.49711783
1521370800000,499.8,518.04,518.5,494.8,21910.37280857
1521367200000,510.8,499.79,514,494.84,30503.22431739
1521363600000,517.31,510.05,518.6,509.99,7290.9740317
1521360000000,516,516.89,522.73,515.99,19083.68818414
1521356400000,521.59,515.99,522,515.11,5270.89832305
1521352800000,518,521.49,523.4,513.69,20100.52688023
1521349200000,509.36,518,521.04,508.71,7429.94511676
1521345600000,517.03,509.44,524.3,506.46,11676.78338743
1521342000000,514.98,517.42,523,509.95,20595.79423572
1521338400000,527.76,514.99,527.76,508,20238.42526668
1521334800000,523.37,527.75,537.02,523.25,11353.56666793
1521331200000,548.57,523.38,549.1,523,27871.98386947
1521327600000,561.24,548.82,561.24,546.58,5699.32165794
1521324000000,555.74,561.24,561.25,555.14,3980.8900272
1521320400000,548.75,555.74,563.2,548.59,10243.81614497
1521316800000,551.46,548.5,552.64,542.17,16042.65436992
1521313200000,560,551.2,560,547.1,13655.42740061
1521309600000,571.18,560,572.69,558,10353.36410817
1521306000000,573.62,571.18,575.9,569.14,7174.21137249
1521302400000,575.34,573.62,577.29,572.4,5681.29212576
1521298800000,581.24,575.44,581.99,575.11,6005.45527426
1521295200000,583.18,581.33,586.58,581,3612.35811663
1521291600000,590.06,583.19,592.84,576.64,10665.81174357
1521288000000,598.28,589.98,598.97,585.58,7036.73997072
1521284400000,600.15,598.28,603.63,597.79,3602.23312478
1521280800000,606,600.16,606.01,596.37,5827.82772131
1521277200000,607.8,606.01,609.83,605.17,1820.27266376
1521273600000,600.22,607.8,609.84,597.84,3576.57840078
1521270000000,600.02,600.31,603.21,600,1595.36846098
1521266400000,597.49,600.02,602.03,594.6,2293.6510768
1521262800000,599.15,597.49,599.46,596.11,1177.86148454
1521259200000,598.97,598.93,599.3,594.13,2359.34979176
1521255600000,599.14,598.97,599.17,595.24,2278.20124417
1521252000000,594.67,599.14,599.63,592.8,3815.15976708
1521248400000,602.02,594.94,604.22,591.81,5593.87329207
1521244800000,598.77,602.02,605.92,595.83,7240.1798741
1521241200000,609.96,598.77,611.41,593.44,9404.70509266
1521237600000,611.36,609.99,613.38,609.61,2541.17367281
1521234000000,612.97,611.36,613.7,608.18,2149.69249823
1521230400000,620,612.97,620.82,609.88,4918.26564456
1521226800000,618.46,620.01,622.57,617,4947.28777044
1521223200000,617.63,618.46,619.98,617.5,3681.80405589
1521219600000,620.53,617.98,623.22,616.08,4122.43422731
1521216000000,621.2,620.52,621.63,616.17,4865.3567254
1521212400000,613.99,621.19,626.39,613.99,9059.73986861
1521208800000,612.93,613.99,620,612.79,12072.62785545
1521205200000,601.94,612.93,617.09,598.91,12158.69679028
1521201600000,602.42,601.94,606.13,601.72,2515.59742243
1521198000000,596.77,602.53,604.97,595.86,3411.22425917
1521194400000,601.71,596.79,603.36,595.75,2011.98789171
1521190800000,605.46,601.55,605.61,596.16,6988.26868715
1521187200000,608.59,605.81,611.36,604.47,3778.021535
1521183600000,608.1,608.73,611.8,606.81,3144.14443155
1521180000000,607.33,608.09,613.56,607.26,2981.57394589
1521176400000,606.71,607.33,612.03,606.07,5890.92476942
1521172800000,598.32,606.72,608.91,597.83,4171.37037737
1521169200000,601.39,598.32,604.31,596.02,4468.54517388
1521165600000,590.62,601.49,601.93,587.17,5887.39253792
1521162000000,595.84,590.33,597.85,583.6,8717.57271883
1521158400000,609.9,595.97,614.86,593.98,9633.72810347
1521154800000,612.5,609.9,613.2,608.64,3732.68126367
1521151200000,608.76,612.5,613.13,608.75,5488.22331319
1521147600000,604.61,608.76,610,602.19,4749.75742057
1521144000000,601.97,604.6,606,601.66,4292.45440163
1521140400000,600.11,601.96,609.89,600.11,5178.5955662
1521136800000,601.18,600.12,604.6,597.59,3891.06801235
1521133200000,599.71,601.23,607.04,598.93,5675.02141774
1521129600000,599.81,599.71,602.89,589,8797.09477445
1521126000000,615.07,599.82,615.07,589.62,13682.82223375
1521122400000,618.7,615.07,620,613.73,6780.47853129
1521118800000,611.28,618.7,620,606.59,9187.57332371
1521115200000,616.81,611.05,616.81,602.2,11792.72313796
1521111600000,606.97,616.9,620,606.97,7388.17138616
1521108000000,613.83,606.97,618.58,602.03,8381.60043206
1521104400000,609.94,613.85,617.51,607.75,10432.87030248
1521100800000,591.28,609.95,612.39,586.21,16392.13782517
1521097200000,585.02,591.29,593.81,585.01,10750.4871586
1521093600000,581.7,585,585,574,6645.34782592
1521090000000,590.22,581.63,593.48,577,13068.86022963
1521086400000,580.75,591.39,591.92,579.01,7396.1043105
1521082800000,572,580.75,589.01,569.49,16599.83720649
1521079200000,602.04,572,602.16,568.29,27620.35428402
1521075600000,598.33,602.15,607.21,598.32,5086.39426259
1521072000000,610.92,598.33,616.4,598.04,10857.96285008
1521068400000,600.22,610.91,612,600.06,7807.19190958
1521064800000,589.15,600.22,609.51,588.91,18772.82694897
1521061200000,614,589.15,614,585.04,26800.8058489
1521057600000,616.56,614,617.49,612.04,7498.13062244
1521054000000,614.01,616.56,621.18,614,8062.78354618
1521050400000,622.71,614.01,622.72,612.86,9404.47537166
1521046800000,630.27,622.22,630.27,617.24,19342.94126973
1521043200000,652.8,630.27,652.81,629.2,17471.66402397
1521039600000,658.16,652.81,658.17,648.14,6261.88263274
1521036000000,653.86,658.17,662.81,653.47,8375.88675031
1521032400000,653,653.87,655.34,650.02,4730.55511576
1521028800000,654.49,653,657.61,650.1,7977.40041101
1521025200000,664.87,654.49,664.94,653.51,10084.84761523
1521021600000,672.6,664.87,675.53,657.9,14780.87457804
1521018000000,689.77,672.61,689.77,671.12,8978.66900549
1521014400000,689.48,689.77,690.92,689.09,2130.9071957
1521010800000,690.79,689.48,692.48,688.58,1174.77959458
1521007200000,692.18,690.79,692.2,686.84,2247.0118225
1521003600000,688.47,692.19,693.24,688.46,1910.51803043
1521000000000,699.14,688.47,699.14,687.14,8119.69119475
1520996400000,700.23,699.14,701.84,699,1940.82092021
1520992800000,701.16,700.22,702.41,699.17,1919.05911259
1520989200000,700,701.08,702.32,700,4684.33181178
1520985600000,688.5,700.01,700.66,688.5,4933.69092199
1520982000000,688.15,688.49,690.11,687.04,1959.48892656
1520978400000,683.46,688.16,690.12,683.45,2404.23494007
1520974800000,679.87,683.46,683.98,678.98,3365.15115144
1520971200000,681.46,679.88,687,677.03,5829.43123568
1520967600000,684.93,681.45,686.39,676.6,8354.80566064
1520964000000,688.49,684.94,688.49,681.11,8077.34318602
1520960400000,696.24,688.87,698.01,688.49,4463.26769552
1520956800000,685.99,696,699.85,679.8,14683.34167073
1520953200000,686.22,685.99,688.85,681.21,7813.59608502
1520949600000,688.27,686.21,693.34,684.03,5161.18077586
1520946000000,686.48,688.26,695,686.47,9645.07238712
1520942400000,694.51,685.5,694.51,682.11,6546.83789449
1520938800000,685.66,694.51,695,685,3766.26884302
1520935200000,704.14,685.07,705,685.04,5284.87549785
1520931600000,698.97,704.16,708.96,697.4,4837.71272549
1520928000000,700.89,698.98,700.9,694.28,2604.16886728
1520924400000,707.69,700.89,708.38,693.03,5945.54661965
1520920800000,709.79,707.69,711.91,707.47,3417.76591436
1520917200000,708.65,709.79,710,705.74,2511.23240766
1520913600000,697.08,708.67,714.3,695.4,5371.90057264
1520910000000,695.67,697.07,697.09,688.75,3277.0507412
1520906400000,691.82,695.68,698.9,691.2,3659.53888869
1520902800000,700,691.83,702.5,691.8,6024.84270604
1520899200000,696.51,700,700,692.23,6803.31511007
1520895600000,689.88,696.52,698.86,689.87,4396.4470056
1520892000000,695.67,689.84,698.79,685.92,4250.2952816
1520888400000,691.65,695.66,695.92,687.08,2794.95622797
1520884800000,683.65,691.64,695.32,676.11,5942.21832803
1520881200000,698.62,683.65,698.62,676.34,10216.95859247
1520877600000,696.72,698.61,700,695.21,3163.07385234
1520874000000,698,696.32,702.75,688.02,12126.92579302
1520870400000,693.51,698,699.99,685.09,10211.9802683
1520866800000,699.35,693.29,702.93,691.9,8238.11215834
1520863200000,728.74,699.34,728.86,697.86,13418.02476801
1520859600000,734.46,728.74,734.47,727,5722.29439205
1520856000000,735,734.46,736.09,733.51,1422.61086409
1520852400000,733.24,735,735,731.99,2593.55837432
1520848800000,736.5,733.24,739.85,731.74,5330.99169796
1520845200000,722.65,736.49,739.75,720.96,7203.25090595
1520841600000,725.76,722.65,726.11,719.32,2887.06573514
1520838000000,727.26,725.75,727.52,722.89,1788.25897442
1520834400000,723.18,727.25,729.17,720.86,2656.30151932
1520830800000,722.43,723.18,726.38,718.91,2217.70062282
1520827200000,714.84,722.44,723.29,713.9,2042.82490669
1520823600000,724.49,714.83,725.6,711.81,4638.69563947
1520820000000,723.08,724.49,729.05,721.15,4221.3121431
1520816400000,724.04,722.26,729.86,721.15,3285.54107707
1520812800000,719.85,724.04,725.16,719.85,2911.76708145
1520809200000,719.86,719.86,722.46,712.99,3171.14128741
1520805600000,717.37,720,728.08,716.19,3660.37942796
