1524588300000,9336,9331.8,9337,9331.8,2.4572275
1524588000000,9336.7,9334.1,9344.9,9331.1,46.53982436
1524587700000,9332.1,9336.6,9336.7,9309.9,198.21485124
1524587400000,9345,9332,9345,9332,40.49831731
1524587100000,9370.1,9345,9374.5,9342.1,178.14845346
1524586800000,9354.4,9370,9370.1,9354.3,126.98571945
1524586500000,9344.8,9354.4,9354.4,9341.92141393,73.10183278
1524586200000,9344.49132415,9344.8,9351,9340.2,113.31637188
1524585900000,9343.9,9345,9348.1,9342,21.29055086
1524585600000,9360,9344.36630307,9363.92541621,9335,103.23432514
1524585300000,9339.4,9360,9360.1,9339.4,127.67696169
1524585000000,9345.6,9339.4,9347.7,9339.4,73.6244035
1524584700000,9318.6,9345.5,9345.6,9306.4,94.57023886
1524584400000,9331,9318.6,9335.3,9318.6,57.9200858
1524584100000,9350,9332.9,9354.5,9332.9,96.06409337
1524583800000,9349.6,9350,9350,9344.2,92.23352005
1524583500000,9351,9349.4,9353.2,9348,86.00337672
1524583200000,9333.9,9351,9366.81466588,9333.9,216.15872897
1524582900000,9324,9334,9334.9,9323.9,59.48627124
1524582600000,9325.8,9324,9328.2,9321.2,115.73816454
1524582300000,9321,9325,9337.6,9320.3,67.01257513
1524582000000,9288,9320.5,9346.2,9288,245.98244738
1524581700000,9285.1,9288.1,9298.4,9283,73.25777084
1524581400000,9307.2,9285.1,9309.9,9285,86.43776046
1524581100000,9323,9307.1,9323.1,9305,126.20957643
1524580800000,9294.8,9323,9328.01519999,9287.2,247.15354425
1524580500000,9295,9292.6,9295,9290,59.46567857
1524580200000,9275,9295,9295,9265,173.07160425
1524579900000,9264.8,9275,9275,9254.3,102.10729431
1524579600000,9266.8,9264.9,9268,9251.2,359.25227107
1524579300000,9284.9,9266.8,9286.1,9266.8,125.01922108
1524579000000,9290,9284,9300,9273,188.00729269
1524578700000,9240.3,9290,9290,9240.3,384.65652424
1524578400000,9259.3,9240.3,9259.9,9187.1,1069.02816277
1524578100000,9250.1,9259.3,9317.9,9196.5,1592.64983883
1524577800000,9344.8,9249.9,9344.8,9228.1,1559.93701304
1524577500000,9378.7,9344.7,9379.2,9335,651.34285265
1524577200000,9390,9378.6,9394.16938911,9370.70321523,236.22152943
1524576900000,9396.2,9390.1,9425,9390,729.6125749
1524576600000,9367,9396.3,9400,9366.9,459.29117525
1524576300000,9361.3,9367,9372.2,9360.9,160.74906336
1524576000000,9369.8,9361.3,9369.8,9356.5,156.35517347
1524575700000,9358.9,9369.8,9369.9,9358.9,60.62236781
1524575400000,9338.7,9359,9359,9338.7,100.14130996
1524575100000,9340,9338.8,9344,9334.4098341,80.2422896
1524574800000,9369.4,9340,9369.4,9329.8,228.83492077
1524574500000,9343.9,9369.4,9369.4,9343.9,133.03198345
1524574200000,9332.53852028,9343.9,9344,9330,38.81498988
1524573900000,9333.2,9332.9,9335,9328.7,36.61442567
1524573600000,9334.5,9333.2,9335,9323.1,68.84746706
1524573300000,9324,9333.9,9345.2,9324,122.76117498
1524573000000,9323.2,9324.1,9324.1,9321.6,21.84775276
1524572700000,9319.69364464,9324,9324.5,9314.8,106.54970552
1524572400000,9312.1,9319.7,9324.7,9312.1,70.41988371
1524572100000,9313,9312,9318,9311.1,32.14152889
1524571800000,9299.9,9313,9315.8,9299.9,77.07405911
1524571500000,9297,9299.9,9300,9296.96626083,26.11732409
1524571200000,9297,9296.9,9297.1,9296.9,23.32921659
1524570900000,9290.2,9297,9297.2,9280,102.19700855
1524570600000,9296.8,9289.7,9297.4,9282,104.64122903
1524570300000,9294.3,9296.9,9304.4,9292.68960259,33.35084541
1524570000000,9308.7,9293.6,9311.2,9286.1,253.73038778
1524569700000,9305.6,9308.7,9316.4,9305.5,27.91572772
1524569400000,9312.2,9305.6,9313.2,9304.6,52.05952037
1524569100000,9321.3,9313.2,9325.5,9311.8,103.89942347
1524568800000,9320.06193937,9321.2,9330.3,9320.06193937,55.27256444
1524568500000,9329.4,9320,9329.4,9309,118.74304927
1524568200000,9316.8,9329.4,9334.9,9316.7,59.56634429
1524567900000,9303.6,9316.8,9316.9,9303.6,66.24159375
1524567600000,9302.5,9303.6,9310.9,9302.4,59.97967961
1524567300000,9297.08845107,9302.5,9304.1,9293.9,73.85244369
1524567000000,9287.6,9297.2,9299,9283,182.91329357
1524566700000,9290.8,9287.6,9290.8,9281.9,104.33378874
1524566400000,9290,9290.8,9305.4,9287,146.53592065
1524566100000,9335.9,9290.1,9335.9,9288.1,264.4502587
1524565800000,9291,9335.9,9355,9291,759.29351414
1524565500000,9280,9290.9,9291,9280,53.28810571
1524565200000,9291.7120807,9280.1,9291.8,9280,79.66010511
1524564900000,9293,9291.7,9293.4,9283.8,115.99519316
1524564600000,9275.5,9293,9295,9275.4,111.2493408
1524564300000,9283,9275.4,9283,9271.3,94.22070987
1524564000000,9288.5,9282.9,9290,9278.2,167.10000477
1524563700000,9268.1,9288.6,9290,9268.1,236.07792097
1524563400000,9258,9268.3,9275.8,9258,72.54072007
1524563100000,9256,9258,9258,9256,72.70441804
1524562800000,9250.2,9256,9256,9248.9,25.14091792
1524562500000,9254.5,9250.3,9254.5,9240.7,86.10231807
1524562200000,9244.7,9254.5,9254.6,9244,38.42615701
1524561900000,9237,9244.5,9251,9236.9,44.28398582
1524561600000,9229.9,9237,9244.4,9229.8,89.15172363
1524561300000,9264.9,9229.9,9265,9225,310.47152411
1524561000000,9276.9,9265,9285.1,9257.8,103.74425166
1524560700000,9260,9276.9,9288,9259.9,172.38587022
1524560400000,9253.9,9260,9266.2,9253.9,60.27813547
1524560100000,9255.5,9254,9255.5,9253.5,181.70322874
1524559800000,9254,9255.5,9255.5,9254,33.46674815
1524559500000,9255.3,9254,9255.5,9254,26.94438665
1524559200000,9255.1,9255.3,9260,9255,59.89764548
1524558900000,9269.1,9255.1,9269.1,9252.1,59.24133457
1524558600000,9247.7,9269.1,9270,9246.9,92.7259977
1524558300000,9250.35108935,9249.8,9250.4,9246.43034223,44.71008018
1524558000000,9249,9250.6,9259.9,9248.9,45.000951
1524557700000,9240.47670132,9249,9249,9240.4,36.48518753
1524557400000,9231.2,9241,9241,9231.2,50.68836776
1524557100000,9230.9,9231.3,9232,9230.7,64.66647613
1524556800000,9222.3,9231,9231.3,9222.3,70.91157068
1524556500000,9222.2,9222.3,9222.4,9220.4,54.27164676
1524556200000,9220.9,9222.2,9223.94418782,9218,41.94817295
1524555900000,9232.2,9221,9233.2,9212.1,98.33858783
1524555600000,9233.2,9231.1,9243,9231,27.48330705
1524555300000,9230.4,9233.2,9234.1,9230.3,46.2481317
1524555000000,9227.6,9230.4,9231.4,9227.5,18.83235663
1524554700000,9228,9227.5,9234,9227.5,19.94600609
1524554400000,9216.4,9227.9,9227.9,9216,23.9527439
1524554100000,9205.1,9219.9,9222.2,9205,66.39183872
1524553800000,9210,9205.1,9229.8,9201,230.71272194
1524553500000,9229.7,9210,9231.1,9210,146.03161062
1524553200000,9243.9,9230,9244,9217,289.40356586
1524552900000,9247.1,9243.9,9265.4,9243.9,230.98253074
1524552600000,9249.1,9247.1,9249.1,9247,50.1325574
1524552300000,9252.2,9249,9256.59840411,9248.7,65.45159244
1524552000000,9240,9252.2,9256.2,9238,67.39387332
1524551700000,9240.7,9239.9,9250.2,9235,194.6881445
1524551400000,9241.2,9240.7,9242.3,9240.7,203.36728413
1524551100000,9248.2,9241.2,9272.4,9241.2,174.82289368
1524550800000,9254.3,9248.1,9282.8,9241.2,241.06748984
1524550500000,9270,9254.2,9270,9254.2,119.97295366
1524550200000,9270,9270,9270,9269.8,60.73558817
1524549900000,9259.98560611,9269.9,9270,9252,169.31187778
1524549600000,9271.6,9260,9279.3,9260,292.8270352
1524549300000,9282.1,9271.5,9282.1,9266.2,96.9376495
1524549000000,9300.1,9282,9300.1,9272.2,465.84465428
1524548700000,9263,9300,9307.9,9260.5,895.4198801
1524548400000,9256,9263,9270,9254.4,129.65186643
1524548100000,9225.1,9256,9291.1,9224.9,879.69820357
1524547800000,9218.6,9225,9234.9,9218.6,30.31610884
1524547500000,9234.4,9218.7,9235,9217,152.05989554
1524547200000,9230.1,9234.4,9235,9230,56.71117961
1524546900000,9240.1,9230.1,9245.2,9230,102.96704548
1524546600000,9230.7,9240,9240,9230,56.12501204
1524546300000,9254.7,9230.7,9254.8,9219.2,272.30121322
1524546000000,9260.1,9254.9,9282.9,9249.1,411.46827535
1524545700000,9239,9260.1,9273.7,9238.9,269.80156964
1524545400000,9227.5,9239,9250,9227.4,448.00287202
1524545100000,9232.9,9227.5,9238.7,9225,93.86542999
1524544800000,9220,9233,9240,9219.9,244.14746646
1524544500000,9218.5,9220,9226.8,9218.5,63.09804827
1524544200000,9212,9218.4,9220,9211.9,82.2653964
1524543900000,9211.6,9212,9215.1,9211.6,35.88299327
1524543600000,9199.1,9211.7,9211.7,9199,50.43169833
1524543300000,9230,9199.1,9231.3,9199,95.41974923
1524543000000,9227.9,9230,9235.4,9219.9,135.89968725
1524542700000,9221.2,9227.9,9228,9213.9,112.45728333
1524542400000,9191.3,9221.2,9226.2,9189.2,107.16200516
1524542100000,9192,9189.6,9198.9,9189,56.08557168
1524541800000,9197.72892138,9192,9199,9190.45995677,55.60264983
1524541500000,9196.7,9197.72892138,9199,9192.85574858,58.78788504
1524541200000,9198.8,9196.2,9209.865871,9195,100.71759339
1524540900000,9205,9198.7,9205.1,9195,62.79472406
1524540600000,9206,9205,9206.3,9205,44.68090443
1524540300000,9198.3,9206.1,9208.3,9198.3,119.7273621
1524540000000,9181.9,9198.3,9198.4,9180.9,31.89545579
1524539700000,9189.1,9181.8,9204,9178.6,175.1930682
1524539400000,9175.5,9190.5,9196.7,9175.5,93.42126943
1524539100000,9187.03865944,9175.5,9187.1,9175.5,42.17459747
1524538800000,9193.5,9187.03865944,9198,9185.5,164.67848114
1524538500000,9192.3,9193.5,9196,9192.3,31.12232008
1524538200000,9187.6,9196.9,9210,9184.9,143.12934595
1524537900000,9186.5,9185.9,9186.5,9171.5,80.5018909
1524537600000,9182,9186.5,9190,9181.8,40.11289183
1524537300000,9174.8,9182,9183.2,9174.8,47.34674187
1524537000000,9186,9174.8,9195.8,9169.1,96.84817942
1524536700000,9191.1,9186.1,9197.9,9180,110.57915385
1524536400000,9199.5,9193.4,9199.6,9193.4,32.24774818
1524536100000,9231,9199.5,9231,9199.5,164.99188585
1524535800000,9195.7,9231,9250,9191.08580414,1337.31236859
1524535500000,9190,9195.6,9202.7,9190,69.50226807
1524535200000,9189.8,9190.1,9219.63760003,9185.97816039,401.41833819
1524534900000,9191.9,9189.8,9192,9179.2,56.85026063
1524534600000,9175.01079282,9191.9,9194.8,9175,140.21079168
1524534300000,9174.9,9175,9177.3,9169.1,95.84451162
1524534000000,9175.7,9174.9,9184.51470649,9169.1,72.82232598
1524533700000,9183.3,9175.7,9193.4,9171.09971243,139.73330093
1524533400000,9172.2,9183.4,9214.3,9126,1793.51171887
1524533100000,9166.1,9172.1,9180,9166,106.5803999
1524532800000,9160.1097386,9166,9169,9160,63.86009384
1524532500000,9166.2,9160.1,9170.3,9160,34.11330989
1524532200000,9151,9167.9,9173.7,9128.4,360.90791272
1524531900000,9161,9151,9164.8,9143,177.83022142
1524531600000,9182,9161,9182.1,9161,151.06812971
1524531300000,9181.8,9182.1,9192.9,9177.2,63.81416466
1524531000000,9182,9181.7,9200,9169.4,479.48851722
1524530700000,9175.8,9182,9242.8,9170,1520.70725682
1524530400000,9183.2,9175.9,9188,9157.99894035,312.44471786
1524530100000,9133,9183.1,9194,9132.9,1447.52817847
1524529800000,8975,9132.9,9150,8974.9,3587.14055854
1524529500000,8963,8975,8975,8963,275.95137977
1524529200000,8953.8,8963.1,8968,8953.73804411,95.48004831
1524528900000,8940,8953.8,8959,8939.9,99.17829259
1524528600000,8934.5,8940,8940,8930,54.30287299
1524528300000,8930.5,8934.6,8934.6,8929.9,18.10506966
1524528000000,8940.3,8930.5,8942,8930.4,65.7847411
1524527700000,8935.5,8940,8940,8931.2,19.52716625
1524527400000,8930.8,8935.5,8935.8913583,8930.8,12.01774452
1524527100000,8935.4,8930.9,8937.1462034,8930.8,17.79837307
1524526800000,8926.6,8935.5,8937.9,8926.6,40.64557272
1524526500000,8920.1,8926.6,8931.9,8919.8,28.42509473
1524526200000,8910.1,8920.1,8921.6,8908.9,45.89643072
1524525900000,8933,8910.1,8933,8910,45.27191529
1524525600000,8936.4,8933,8937,8933,14.09098325
1524525300000,8929.9,8936.3,8937,8929.9,31.7494585
1524525000000,8925.01603413,8929.9,8930,8925,22.90595714
1524524700000,8928.9,8925,8929,8925,13.00878918
1524524400000,8929.5,8928.9,8934.8,8928.9,17.99365616
1524524100000,8918.8,8929.5,8929.7,8916.2,29.61912643
1524523800000,8928.1,8918.8,8929.6,8914.3,97.07496353
1524523500000,8941.7,8929.9,8941.8,8928.1,13.56902783
1524523200000,8942.2,8942,8942.2,8942,26.88805396
1524522900000,8932.1,8942.2,8944.4,8932,38.29003966
1524522600000,8934.5,8932,8934.5,8932,12.14277232
1524522300000,8942,8934.5,8948.6,8931.1,107.91507869
1524522000000,8940.3,8941.9,8946,8940.2,22.68840305
1524521700000,8936.3,8940.3,8940.3,8936.2,19.03813155
1524521400000,8940.5,8936.2,8940.5,8936.2,5.03203155
1524521100000,8946.1,8940.4,8946.2,8939.2,25.81047477
1524520800000,8933.8,8946.1,8954.9,8933.79994981,152.69901773
1524520500000,8933,8933.8,8937.84333956,8933,38.364036
1524520200000,8926,8933.10281364,8938,8926,46.57117497
1524519900000,8920.9,8926,8932,8920.9,47.70702648
1524519600000,8920.3,8921,8923,8920.2,6.2022785
1524519300000,8919.89253877,8920.3,8923,8919,10.63327669
1524519000000,8924.4,8922.1,8927.52572432,8918.4,41.32753348
1524518700000,8921,8924.3,8931.5,8920,26.84064684
1524518400000,8919.6,8921.9,8926.9,8919.5,23.57258397
1524518100000,8924,8919.6,8924,8919.6,8.62009838
1524517800000,8918.8,8924,8924,8918.8,12.89238251
1524517500000,8917.6,8918.8,8920.9,8917.5,7.24549128
1524517200000,8932,8917.9,8934.77594044,8915.5,71.39403652
1524516900000,8927.8,8931.6,8935.9,8918.3,45.49194918
1524516600000,8918.3,8927.8,8929.9,8918.3,31.35873525
1524516300000,8903,8918.30504335,8922.9,8902.9,48.75298786
1524516000000,8920.7,8902.9,8922.2,8899.8,87.70068592
1524515700000,8876.3,8920.7,8930,8876.3,371.04627445
1524515400000,8871.7,8876.21650261,8876.4,8871.6,21.01491225
1524515100000,8876.5,8871.6,8876.5,8870,81.36333071
1524514800000,8870.9,8876.4,8876.5,8870.8,41.60493307
1524514500000,8857.7359873,8870.9,8872.5,8857.7,55.93096133
1524514200000,8847.1,8857.7,8857.7359873,8839.9,56.82981016
1524513900000,8848.1,8847.1,8848.5,8847.1,125.54254974
1524513600000,8855.4,8848.3,8855.5,8833.2,140.7363281
1524513300000,8831.3,8855.5,8863.94690611,8817.2,649.05691979
1524513000000,8862.4,8831.3,8862.4,8831.3,434.67729682
1524512700000,8872.2,8862.4,8872.2,8860,267.27808726
1524512400000,8872.8,8871.4,8873,8871.4,34.22601278
1524512100000,8882.1,8872.7,8882.2,8872.7,89.40290305
1524511800000,8882.6,8882.1,8890,8882.1,36.33034536
1524511500000,8894.5,8882.6,8894.6,8871.5,77.36739575
1524511200000,8896.1,8894.6,8896.4,8894.5,15.16695779
1524510900000,8892.3,8896,8903.25826042,8892.3,32.44858243
1524510600000,8895,8892.4,8895.1,8890,21.11958196
1524510300000,8896,8895,8896,8895,12.65268125
1524510000000,8900.1,8896,8900.2,8894.4,43.14406464
1524509700000,8908.1,8900.1,8908.2,8899.2,39.24343801
1524509400000,8908.1,8908.1,8908.4,8908.1,8.03329429
1524509100000,8897.9,8908.1,8909.4,8897.3,27.69881542
1524508800000,8900,8897.68829648,8900.1,8896.7,27.54121281
1524508500000,8904,8900.1,8904,8900.1,17.47035748
1524508200000,8899.9,8904,8911,8899.9,110.60937071
1524507900000,8889.7,8899.9,8900,8889.7,65.89614915
1524507600000,8889.9,8889.8,8890,8889.7,14.84395089
1524507300000,8885.6,8889.9,8892,8885.5,40.08927677
1524507000000,8887.6,8885.2,8892.3,8881.4,34.04592111
1524506700000,8888.3,8887.7,8890,8880,59.70489745
1524506400000,8888.8,8888.3,8894.6,8888.3,29.58597161
1524506100000,8877,8888.9,8889.6,8877,34.02590618
1524505800000,8875.1,8876.7,8884.5,8873.9,27.11833565
1524505500000,8883.7,8875.1,8883.8,8875.1,35.18552655
1524505200000,8874.7,8883.8,8884.6,8872.1,36.52752252
1524504900000,8887.1,8873.4,8887.1,8868.6,76.84131572
1524504600000,8883,8886.8,8891.47459658,8881.4,63.67612074
1524504300000,8882.5,8883.1,8886.6,8870.9,91.08432457
1524504000000,8895.8,8881.9,8905.6,8881.4,78.63086361
1524503700000,8896.2,8895.9,8902.1,8885.1,139.70874193
1524503400000,8896,8896.3,8899.6,8881,124.74179987
1524503100000,8913.4,8896.01516968,8918.6,8896,193.12004644
1524502800000,8918,8913.6,8919.9,8913.4,28.96446484
1524502500000,8911.9,8918.7,8918.7,8910.8,30.91570202
1524502200000,8915,8911.9,8916.3,8910,85.06370052
1524501900000,8928.5,8915,8928.6,8915,43.32113853
1524501600000,8935.3,8928.5,8935.59728772,8928.5,18.4116553
1524501300000,8930.2,8934.1,8936.21388367,8929.5,16.58534289
1524501000000,8926.9,8929,8930.3,8926.8,34.77010113
1524500700000,8925,8926.9,8928.4,8925,22.27051575
1524500400000,8928,8925,8929.7,8925,16.19823614
1524500100000,8920,8928,8929.1,8919.9,29.72864084
1524499800000,8912.9,8917.3,8926.5,8912.9,73.12817286
1524499500000,8913.5,8912,8918,8911,16.41847965
1524499200000,8901.1,8913.5,8914,8901,97.46744353
1524498900000,8905.3,8901,8905.3,8901,39.58886536
1524498600000,8906.6,8905.8,8906.6,8905.2,112.92498142
1524498300000,8911.8,8906.5,8912,8906.3,20.21173688
1524498000000,8900.3,8911.7,8916.4,8895.1,79.59346416
1524497700000,8901,8900.3,8901.1,8900,22.91146121
1524497400000,8916.2,8901,8916.3,8901,64.24051129
1524497100000,8916.2,8916.2,8917.9,8916.2,93.70120946
1524496800000,8923.2,8916.3,8923.3,8916.2,23.42741599
1524496500000,8923.1,8923.11755256,8929.9,8923,52.63554621
1524496200000,8926.9,8923,8927,8923,51.67003155
1524495900000,8933.1,8926.9,8933.1,8926,22.40262211
1524495600000,8920.9,8933.1,8952.5,8920.8,247.30486954
1524495300000,8907.2,8920.81752539,8927.6,8904.6,120.35070654
1524495000000,8904.90275414,8907.1,8915.9,8903,77.30830914
1524494700000,8895.9,8905,8905,8895.9,67.7476051
1524494400000,8872.6,8895.9,8896.1,8872.6,180.47573156
1524494100000,8896.1,8872.6,8896.1,8850.2,431.024684
1524493800000,8896.1,8896.1,8898.09236948,8896,39.74010668
1524493500000,8904.1,8896,8904.1,8894.6,46.5710061
1524493200000,8906,8904,8906,8898,97.19083654
1524492900000,8892.85696826,8906,8915.6,8886,327.75962096
1524492600000,8931.2,8892.9,8931.2,8892.6,342.6645465
1524492300000,8925.4,8931.2,8935.2,8925.3,29.05645356
1524492000000,8924.4,8925.3,8926.2,8912.3,167.08971045
1524491700000,8939,8924.4,8939.1,8920,185.35155752
1524491400000,8946.9,8939,8948,8939,48.72606462
1524491100000,8945,8947,8947,8944.9,31.04165191
1524490800000,8930.6,8945,8945,8930.30462886,22.85616095
1524490500000,8935,8930.6,8935.1,8924.1,43.73258974
1524490200000,8938,8935,8943.3,8935,44.12342029
1524489900000,8938.13790732,8938,8938.2,8937.6,32.59376498
1524489600000,8928,8938.1,8940.8,8921.3,47.38681488
1524489300000,8943,8927,8943,8915,253.84883078
1524489000000,8940,8943.1,8945,8935,89.07810081
1524488700000,8943.1,8940,8956.9,8940,169.04245747
1524488400000,8950.4,8943.2,8954.9,8943.15865881,30.3839225
1524488100000,8932.9,8950.4,8954.9,8932.9,54.57029091
1524487800000,8932.38534345,8933,8933,8930.1,42.35488632
1524487500000,8925.1,8930.2,8930.2,8915,170.60953545
1524487200000,8942.64539483,8925.2,8942.64539483,8923.9,113.14876953
1524486900000,8956.9,8942.64539483,8965,8942.64539483,235.11358838
1524486600000,8983.6,8957,8992.99254586,8944,249.47817042
1524486300000,8955.4,8983.7,9011,8955.4,1217.72780326
1524486000000,8945.1,8957.3,8961,8939.4,441.99325132
1524485700000,8930.7,8945.1,8948.9,8930.6,83.37872174
1524485400000,8923.9,8930.69050142,8943.5,8923.9,230.40322465
1524485100000,8922.37150204,8924,8924,8918,83.96313853
1524484800000,8919.9,8922.3,8933.7,8919.7,23.93155796
1524484500000,8915.7,8919.9,8922.7,8915.5,14.67774376
1524484200000,8916.3,8915.4,8920.16941398,8912.88576371,22.11576219
1524483900000,8910,8916.3,8919.7,8910,38.5074383
1524483600000,8929.1,8910,8943.5,8910,117.00827224
1524483300000,8929.2,8928.5,8940.4,8917.7,73.55075505
1524483000000,8893.6,8929.1,8935.7,8893.5,359.76207928
1524482700000,8893.5,8893.8,8893.8,8890.2,42.55437958
1524482400000,8895.2,8893.5,8896.5,8893,30.38433314
1524482100000,8897.1,8895.1,8897.1,8893.1,9.38538533
1524481800000,8903.8,8897.2,8904.4,8896.1,23.15953585
1524481500000,8882.37429154,8903.8,8905.9,8882.1,37.49060348
1524481200000,8895.1,8882.37429154,8895.1,8876.7,103.58612297
1524480900000,8903.2,8895.1,8903.3,8895,149.23353855
1524480600000,8906.4,8903.3,8914,8903.2,92.49462556
1524480300000,8905.2,8905.2,8909.5,8905,22.29493061
1524480000000,8920,8905.1,8920,8905,16.70941008
1524479700000,8917.2,8920,8920,8917.1,22.87394599
1524479400000,8917.1,8917,8926.8,8917,34.08587524
1524479100000,8887,8917,8925.2,8887,153.74600391
1524478800000,8883.8,8887,8887,8883.1,44.30029221
1524478500000,8889.9,8884.9,8889.9,8883,16.85890379
1524478200000,8892.9,8890,8893,8885.2,7.41671807
1524477900000,8893,8892.9,8893,8883.2,22.84300653
1524477600000,8899.1,8892.8,8899.1,8881,30.45298994
1524477300000,8903.77609169,8899,8905,8897.4,22.46790441
1524477000000,8890,8903.8,8905,8889.9,59.32140066
1524476700000,8890.8,8890,8898,8884.3,35.80186545
1524476400000,8875.7,8890.9,8890.9,8875.7,44.39150567
1524476100000,8882.8,8875.6,8882.9,8870,69.1497589
1524475800000,8879.1,8882.9,8890.2,8879.1,32.19519814
1524475500000,8855.3,8878.1,8880,8855.2,231.57437108
1524475200000,8883.9,8855.3,8883.9,8846,229.96447333
1524474900000,8894.9,8883.9,8895,8883.2,53.71861496
1524474600000,8894.4,8894.9,8895,8894.4,29.04691261
1524474300000,8913,8894.5,8913.6,8894.4,75.43438879
1524474000000,8913,8913,8920.1,8913,44.71656226
1524473700000,8903.3,8913,8918.2,8903.3,31.96916765
1524473400000,8926.12562146,8903.3,8929.76453324,8901.7,64.32933042
1524473100000,8925.4737348,8926.12562146,8933.44236048,8925,56.6839434
1524472800000,8908.89993698,8925.4737348,8926.1,8906.8,53.51989673
1524472500000,8925.1,8908.7,8925.1,8899.65688677,204.12423527
1524472200000,8940.1,8925.1,8940.2,8925.1,38.15198805
1524471900000,8950.1,8941.11056649,8959,8941.11056649,142.13837302
1524471600000,8942.5,8950.2,8959.8,8942.4,138.17202598
1524471300000,8939.4,8942.5,8942.8,8938.4,59.29605246
1524471000000,8935.3,8939,8939.4,8935.3,48.5540235
1524470700000,8930.98566321,8936.8,8937.4,8930.9,50.34368705
1524470400000,8934.1,8931,8936.2,8921,69.04268296
1524470100000,8929.4,8936.3,8936.9,8921.7,53.31573194
1524469800000,8924.5,8927.6,8928.7,8913.1,135.11578239
1524469500000,8934.5,8923,8937.8,8923,58.48854847
1524469200000,8931,8934.6,8936.1,8930.9673534,48.6405637
1524468900000,8927,8931.1,8941,8925.8,71.48200404
1524468600000,8939.3,8927,8948.7,8925.7,159.64357584
1524468300000,8960.4,8939.4,8964.6,8933,312.18968825
1524468000000,8941.2,8960.4,8962,8941.1,180.67564803
1524467700000,8939,8941.1,8953.9,8931.5,285.69079854
1524467400000,8917.9,8939.1,8939.1,8909.9,194.39426482
1524467100000,8921.9,8917.8,8922.1,8907.3,83.62607652
1524466800000,8898.8,8922,8922,8898.7,73.11976234
1524466500000,8900.3,8900.6,8908.8,8893,76.44979432
1524466200000,8921.1,8900.3,8921.1,8900.2,412.43575825
1524465900000,8896.9,8921.2,8922,8892.5,423.42768025
1524465600000,8864,8897.08781268,8897.33307159,8864,139.79314838
1524465300000,8860,8864,8865.5,8859.7,52.65352913
1524465000000,8860.3,8856.3,8865,8850.5,83.18752456
1524464700000,8864,8860.2,8865,8853.2,43.74685596
1524464400000,8859.2,8865,8866.1,8850.5,46.78537747
1524464100000,8854.9,8859.2,8861,8854.8,35.98699876
1524463800000,8860,8854.9,8860.9,8850.5,52.31637948
1524463500000,8863.3,8860.1,8863.3,8860,23.90905726
1524463200000,8878.1,8863.3,8879.5,8863.2,53.52417864
1524462900000,8880.1,8878,8881.3,8877,54.54689182
1524462600000,8867,8880.1,8880.1,8864.9,135.86146839
1524462300000,8845.4,8867.6,8870.8,8845.3,77.08111495
1524462000000,8850.5682195,8845.3,8850.6,8845.3,14.13093275
1524461700000,8851.67346598,8850.5682195,8851.7,8850.5682195,9.60302706
1524461400000,8849,8851.67346598,8852.4,8849,22.91570377
1524461100000,8841.5,8845.1,8845.1,8841.4,8.10086237
1524460800000,8836.6,8841.5,8842.36798564,8830.3,14.96501978
1524460500000,8838,8835,8839.9,8835,15.51911826
1524460200000,8841.2,8838,8846,8835,33.84990562
1524459900000,8854.5,8841.8,8854.5,8840.7,42.51921673
1524459600000,8858,8854.49798477,8858.1,8854.49798477,18.03315652
1524459300000,8854.49798477,8858,8861.98909981,8854.49798477,31.59657165
1524459000000,8853.2,8854.49798477,8854.9,8853,24.28088191
1524458700000,8841,8853.3,8854.2,8841,49.19908358
1524458400000,8840.6,8841,8845.7,8836.6,13.58003049
1524458100000,8840,8841.4,8845.6,8840,22.40024419
1524457800000,8850.07992372,8840,8850.07992372,8835,56.5942327
1524457500000,8852.4,8850,8852.4,8850,14.6277241
1524457200000,8853,8852.4,8853.1,8852.3,16.73834704
1524456900000,8865.05922893,8853.1,8865.05922893,8853,14.9095039
1524456600000,8866.2,8865.05922893,8866.2,8862,17.49626718
1524456300000,8862.7,8866.2,8868.3,8861,23.14832494
1524456000000,8858.3,8862.8,8864.3,8858.18213971,30.20642059
1524455700000,8853.4,8857.4,8864.4,8853.4,20.33594407
1524455400000,8872.4,8853.5,8872.4,8850,58.89635909
1524455100000,8879.9,8872.4,8880,8865.50379988,55.39901324
1524454800000,8872.5,8879.9,8880,8872.4,80.29377163
1524454500000,8873.9,8872.4,8874,8868.9,44.21074698
1524454200000,8876.30051319,8873.9,8876.30051319,8856.9,99.74543596
1524453900000,8853.4,8877.1,8877.14181553,8851.91907631,74.31794559
1524453600000,8861.8,8853,8861.8,8853,13.4424231
1524453300000,8861.9,8861.8,8862,8859.7,10.1259187
1524453000000,8866.9,8862,8870.8,8861.01685409,17.44933476
1524452700000,8851.1,8866.9,8867,8851.1,26.63854958
1524452400000,8850.2,8856.2,8863.4,8850,104.20093263
1524452100000,8850.199804,8850,8850.3,8822,274.61897909
1524451800000,8873.4,8850,8873.4,8850,116.04162849
1524451500000,8875.6,8873.3,8893,8870.6,175.64756047
1524451200000,8866.9,8875.6,8891.3,8866.9,133.90569859
1524450900000,8864,8867,8867,8859.8,24.5229
1524450600000,8853.7,8864.6,8865,8853.5,23.64084023
1524450300000,8851,8854.9,8855,8850.93663499,24.15597993
1524450000000,8849.4,8851,8866,8849.4,35.71833572
1524449700000,8850,8849.5,8850,8849.4,17.63343645
1524449400000,8829.4,8849.9,8850,8829.4,18.01974274
1524449100000,8845.31254382,8829.4,8845.4,8829,23.3633879
1524448800000,8863,8845.31254382,8863.1,8838.8,96.90115624
1524448500000,8819.7,8863,8891.1,8819.7,690.01724837
1524448200000,8792.2,8819.7,8821.6,8792.1129611,180.74200548
1524447900000,8814.92908293,8792.1129611,8815,8792.1129611,68.13162152
1524447600000,8813.3,8815,8820.7,8811.35546194,19.36692983
1524447300000,8824.1,8813.3,8824.2,8813.2,13.62681253
1524447000000,8823.5,8824.1,8824.2,8820.1,17.12097399
1524446700000,8824.8,8823.5,8826,8818.6,21.81125743
1524446400000,8821.7,8824.73128704,8827.8,8821.7,20.82731267
1524446100000,8822,8821.7,8822.1,8820.9,7.02125601
1524445800000,8829,8822,8829,8818.3,20.45043973
1524445500000,8828.9,8828.9,8829,8822.2,16.22904645
1524445200000,8811.5,8828.8,8828.9,8807.1,41.62645894
1524444900000,8831,8811.7,8831,8809.17999692,63.25872444
1524444600000,8841.7,8830.9,8842.8,8829,22.13565192
1524444300000,8825,8841.7,8841.7,8825,30.03386192
1524444000000,8824.59117443,8824.9,8825,8819.5,36.9375178
1524443700000,8812.3,8824.3,8825,8812.2,12.12138595
1524443400000,8823.7,8812.2,8824.6,8799.5,89.54847515
1524443100000,8830.48504063,8823.7,8830.48504063,8823.1,26.41570253
1524442800000,8800.2,8830.4,8833,8792.29769918,128.88591362
1524442500000,8788.2,8800.2,8800.27897633,8788.2,85.80993391
1524442200000,8778.4,8788.2,8791.7,8778.4,97.68342579
1524441900000,8769.9,8778.4,8791.55347691,8769.9,77.50845619
1524441600000,8791.4,8769.9,8791.5,8769,55.95429577
1524441300000,8800.7,8791.4,8800.7,8784.6,184.52039665
1524441000000,8784.1,8800.7,8810.17727616,8784.1,83.61008601
1524440700000,8794.7,8784,8794.7,8781.2,95.94048434
1524440400000,8814.7,8794.7,8818.9,8784,111.85490023
1524440100000,8767.8,8814.6,8818.9,8766.8,282.93415544
1524439800000,8779.96997167,8769,8780,8751.1,317.59576832
1524439500000,8798.9,8779.96997167,8801.07541939,8772.7,303.50078225
1524439200000,8790.6,8798.8,8816.9,8787.1,356.39236213
1524438900000,8760.9,8790.5,8806.1,8760.1,377.63984222
1524438600000,8774.7,8760.9,8777.9,8751.08522139,206.20426357
1524438300000,8830,8774.7,8830,8772,442.46027198
1524438000000,8846.9,8830,8847,8821.5,175.98531431
1524437700000,8851.8,8847,8851.9,8845.7,18.16305234
1524437400000,8832.8,8851.8,8854.5,8831,84.77168952
1524437100000,8852.9,8832.9,8853,8832.8,79.36816443
1524436800000,8862.3,8853.1,8862.3,8844,40.65584528
1524436500000,8860.5,8862.78133132,8870,8860.4,52.74884144
1524436200000,8850.9,8860.5,8860.5,8840.6,50.92261758
1524435900000,8866.1,8851,8875.8,8845.4,124.13286808
1524435600000,8888.9,8865.06847397,8889,8803.4,566.3076139
1524435300000,8896.6,8888.9,8902.5,8888.9,36.52967735
1524435000000,8906.8,8896.56934898,8907,8893,21.26458669
1524434700000,8907.1,8906.52145601,8910,8900.7,15.66041178
1524434400000,8910.8,8907.1,8916.9,8901.5,9.40735971
1524434100000,8908.6,8914.3,8916.7,8908.6,15.06878705
1524433800000,8900,8908.6,8910,8896.43487271,22.66672708
1524433500000,8908.8,8901.61592965,8909.96169053,8900,7.58899847
1524433200000,8894.93972608,8909.7,8909.7,8894.9,31.55275549
1524432900000,8895.2,8894.93972608,8895.58642483,8889.18758774,19.84785808
1524432600000,8890,8895.31464419,8899.9,8890,36.12048406
1524432300000,8903.8563867,8890,8903.9,8890,21.03540968
1524432000000,8903.2,8904.1,8908,8900,15.8699417
1524431700000,8899.8,8903.1,8908.5,8899.6,47.27414208
1524431400000,8884.81250175,8899.8,8900,8883.69227322,12.50606845
1524431100000,8885,8889.32028338,8889.8,8878,27.43576519
1524430800000,8890,8883.2,8896.4,8879.3,18.20778137
1524430500000,8876.8,8890,8890,8875.6,29.92237732
1524430200000,8887.8,8876.8,8887.8,8876.8,20.34273895
1524429900000,8887.5,8888.1,8889.4,8883.9,15.23289394
1524429600000,8875.4,8887.5383671,8892.3,8870.8,37.34728599
1524429300000,8901.4,8872.2,8903.5,8865,220.74487783
1524429000000,8919,8901.9,8919,8900,90.85890715
1524428700000,8899.9,8919,8924.02050018,8897.2,42.61203013
1524428400000,8902.9,8899.8,8902.9,8893.2,16.73048206
1524428100000,8896.9,8903,8903,8891.25381578,26.643766
1524427800000,8877.2,8896.8,8896.85495841,8877.1,48.51323744
1524427500000,8876.4,8875.9,8880.7,8874.1,52.60514291
1524427200000,8874.1,8876.4,8878.9,8864.2,51.26079929
1524426900000,8880.2,8874.17033075,8880.2,8861,61.17687093
1524426600000,8898.21976673,8880.2,8898.3,8880.2,51.95473723
1524426300000,8875.1,8898.3,8898.6,8875.1,66.72561271
1524426000000,8914,8875.57061641,8914,8874.5,178.67141942
1524425700000,8912.1,8914,8914,8912,7.11860006
1524425400000,8909.9,8911.41792926,8911.41792926,8909.9,52.11427645
1524425100000,8916.4,8910,8916.9,8909.6,39.49201186
1524424800000,8911.4,8916.8,8919.95089012,8911.4,20.77696948
1524424500000,8895.04234199,8911.3,8911.9,8895.02762431,30.36566205
1524424200000,8884.9,8895.04234199,8908.4,8850.1,429.12775713
1524423900000,8944.9,8880,8945,8880,1049.27343156
1524423600000,8954.5,8944.9,8955.1,8944.3,64.3046518
1524423300000,8952,8954.5,8960.8,8950,29.30401945
1524423000000,8957.5,8952,8957.6,8941.7,24.56752361
1524422700000,8951,8957.6,8960.2,8951,47.67263943
1524422400000,8944.2,8951,8951,8937.8,14.85351845
1524422100000,8930.76212083,8944.1,8947.7,8930.7,29.237476
1524421800000,8936.2,8930.76212083,8936.2,8925.3,38.21128284
1524421500000,8953.3,8936.1,8953.4,8934.1,21.15854945
1524421200000,8934.3,8954.8,8955,8933.7,111.77323841
1524420900000,8932.6,8934.3,8941.8,8932.6,32.12160946
1524420600000,8928.8,8932.7,8934.3,8925.1,15.58867803
1524420300000,8940.2,8930.5,8940.2,8925,14.27325599
1524420000000,8938.6,8940.1,8946.1,8938.6,21.71347584
1524419700000,8925.3,8935.9,8935.9,8925.1,16.55131854
1524419400000,8939.98308967,8925.4,8940,8921.7,36.61762635
1524419100000,8939.1,8940,8969,8939.1,59.94934155
1524418800000,8939,8939.1,8939.1,8939,32.73561028
1524418500000,8930.90216508,8939.1,8939.1,8930.7,46.39919307
1524418200000,8929.3,8930.90216508,8931,8925.8,22.95868116
1524417900000,8931.9,8929.8,8933.9,8922.3,19.35998358
1524417600000,8938.3,8931.9,8949.9,8931.9,40.78446333
1524417300000,8914.8,8932.4,8939.7,8914.8,41.72051492
1524417000000,8912.3,8914.8,8922.40913158,8912.2,19.80188774
1524416700000,8931.8,8912.2,8931.8,8912.2,32.9956971
1524416400000,8918.4,8931.8,8931.9,8916.5,52.03077525
1524416100000,8891.7,8918.2,8920,8891.7,91.02801067
1524415800000,8899.9,8891.7,8900,8889.4,60.52820133
1524415500000,8885.8,8899.8123407,8900,8885,95.68578798
1524415200000,8870.4,8886.2,8900,8870.4,144.32737017
1524414900000,8862,8867.1,8891.2,8861.1,124.55180253
1524414600000,8900,8860,8900,8835.6,915.38902162
1524414300000,8954.2,8900,8954.2,8883.2,825.32817237
1524414000000,8964.3,8954.2,8964.38909813,8954.1,100.00175517
1524413700000,8970.6,8962.1,8970.6,8962.1,48.71227464
1524413400000,8979.2,8970.6,8980,8970.5,169.98286673
1524413100000,8953,8979.2,9048.2,8950.3,1146.94298283
1524412800000,8937.6,8953,8958.5,8937.6,38.40890917
1524412500000,8947.9,8937.7,8948,8930.8888736,25.55212553
1524412200000,8937.8,8946,8946,8931.4,35.8707626
1524411900000,8944.1,8937.8,8945.51335621,8925.9,50.05072545
1524411600000,8961.1,8944,8962,8944,29.57934499
1524411300000,8938.2,8961.1,8961.13655191,8938.2,17.93760181
1524411000000,8965.9,8938.1,8965.9,8933,53.74245387
1524410700000,8956.4,8966.1,8966.7,8955.5,18.45553118
1524410400000,8970.9,8958,8971,8951.1,55.34569952
1524410100000,8985.2,8970.9,8987.5,8965.59718672,49.06966696
1524409800000,8954.8,8985.1,8990,8954.8,68.96742658
1524409500000,8950,8954.9,8956.8,8941.7,126.43658731
1524409200000,8967,8950,8975.43623785,8950,230.82809521
1524408900000,8965,8966.1,9000,8960,364.69078488
1524408600000,8949,8965,8965,8948.9,104.43581658
1524408300000,8945,8948.9,8949,8944.9,25.62968914
1524408000000,8941.9,8944.28440809,8944.28440809,8933.9,40.84070464
1524407700000,8970.2,8941.6,8972.5,8940.3,182.89880477
1524407400000,8938.3,8966.5,8980.7,8938.3,201.27147086
1524407100000,8938,8938.3,8938.5,8930.4,62.22791821
1524406800000,8935.8,8938,8940,8915,182.96158173
1524406500000,8928,8935.8,8936,8924.3,98.40243001
1524406200000,8930.5,8925.9,8940,8911.4,169.45852873
1524405900000,8873,8931.2,8933,8873,213.98295583
1524405600000,8871.5,8872.9,8874,8866.6,23.53670418
1524405300000,8873.5,8870.5,8876.5,8861.7,36.55938124
1524405000000,8884.5,8876.5,8886.9,8873.1,38.50397355
1524404700000,8888.7,8885.6,8894.21057054,8881.2,63.40344432
1524404400000,8877.3,8892.6685871,8892.6685871,8877.2,38.66953259
1524404100000,8892.810128,8877.2,8892.810128,8876.8,37.85587075
1524403800000,8887.3,8889.9,8896.3,8883,64.18917497
1524403500000,8900.5,8887.3,8904.7,8885.52782679,31.90001833
1524403200000,8878.9,8900.5,8910,8878.8,333.83814907
1524402900000,8869.9,8878.8,8879.8,8865.4,95.50613719
1524402600000,8865.78158698,8869.9,8870,8858.3,9.32604052
1524402300000,8845.9,8866,8875.2,8843.5,89.74645609
1524402000000,8852.1,8843.2,8852.1,8828,119.94547925
1524401700000,8861.8,8852,8864.6,8852,26.56065518
1524401400000,8846,8858.8,8864.6,8843.7,27.96033064
1524401100000,8857.6,8843.8,8857.8,8842.5,30.72028225
1524400800000,8883.6,8856.8,8883.6,8838.6,106.5735072
1524400500000,8845,8883.5,8888,8845,83.1090041
1524400200000,8858.9,8845,8859.2,8836.3,65.32987234
1524399900000,8832.8,8858.9,8859,8831.1,117.36525468
1524399600000,8820,8832.9,8847.7,8808.7,266.60030602
1524399300000,8820.7,8820,8853.8,8820,388.16638543
1524399000000,8927.8,8819.98711593,8927.8,8787,1112.64685323
1524398700000,8948,8927.7,8952.7,8926.7,136.58972064
1524398400000,8919.55858051,8947.9,8948,8919.3,172.52794325
1524398100000,8959.64625957,8919,8965,8917.3,268.876656
1524397800000,8989.8,8959.64625957,8994,8958.3,132.34474805
1524397500000,9000.2,8994.1,9000.7,8970,411.33463551
1524397200000,8964.9,9000.2,9026,8964.9,909.87657052
1524396900000,8951.1,8966.1596846,8966.4,8950.4,13.07005702
1524396600000,8965.6,8951.48867042,8967.1,8949.9,91.13741152
1524396300000,8944.9,8965.6,8965.6,8944.89888215,281.68833769
1524396000000,8942.93256516,8944.9,8944.9,8942.9,70.83303706
1524395700000,8938.1,8942.93256516,8943,8938.1,53.29767484
1524395400000,8940.10598449,8937.1,8942,8933.1,58.96302336
1524395100000,8935,8940.2,8946.3,8935,103.42981097
1524394800000,8941.5,8934.9,8941.5,8933.1,47.16962992
1524394500000,8930.1,8941.5,8943,8930.1,92.94183181
1524394200000,8930.2,8930.1,8934.2,8930,46.24568788
1524393900000,8924.86702781,8930.1,8933,8924.7,32.93563875
1524393600000,8930.6,8924.8,8937,8923.8,57.50091619
1524393300000,8937,8930.6,8937,8921,40.06377256
1524393000000,8927.5,8937.1,8940,8927,81.72180178
1524392700000,8928.3,8928,8937,8924.9,117.91670153
1524392400000,8909,8928.3,8928.3,8908.9,112.63574358
1524392100000,8908.9,8909,8909,8908,19.43828557
1524391800000,8908.9,8908.9,8909,8908.9,31.66959403
1524391500000,8911.1,8908.9,8911.1,8900,74.13661074
1524391200000,8897.1,8911,8912.20886219,8897.1,59.1233901
1524390900000,8896.9,8897.1,8897.1,8896.9,55.30863595
1524390600000,8896.5,8897,8897,8896.47832627,22.77990446
1524390300000,8885.6,8896.5,8897,8878.8,74.67046219
1524390000000,8888.74884463,8885.6,8894.3,8878,158.75417767
1524389700000,8916.2,8888.8,8916.3,8888,143.76827258
1524389400000,8917,8918.1,8925.7272915,8915,19.41501416
1524389100000,8902.9,8915.1,8921.6,8901.5,31.96289743
1524388800000,8912.2,8902.8,8917,8894.4,173.46674549
1524388500000,8936.3,8912.1,8936.4,8903.9,171.39055018
1524388200000,8962.4,8936.3,8962.5,8927.4,104.49005073
1524387900000,8950.7,8962.4,8970.4,8950.7,109.49150909
1524387600000,8938.8,8950.7,8959.6,8938,114.89462837
1524387300000,8929.6,8938.8,8945,8928,67.98485241
1524387000000,8933,8929.6,8933,8923.9,36.53293505
1524386700000,8924.7,8933,8933,8924.5,11.53449377
1524386400000,8923.4,8924.5,8936.3,8922,37.22757901
1524386100000,8917,8923.7,8923.7,8908.8,148.50066567
1524385800000,8917.5,8917.1,8928.9,8917,72.84235546
1524385500000,8911.1,8917.5,8918.8,8911,27.00421799
1524385200000,8909.75096595,8911.1,8923.8,8909.7,98.12571627
1524384900000,8920.2,8909.7,8927.4,8905,292.9272102
1524384600000,8965.9,8920.3,8968.4,8914.4,309.13865178
1524384300000,8878.6,8965.9,8999.2,8878.6,1878.39249154
1524384000000,8869.9,8878.6,8878.7,8868,74.11528801
1524383700000,8855,8869.8,8869.8,8855,36.24224795
1524383400000,8853.4,8854.2,8859.1,8848.4,26.83363425
1524383100000,8846,8853.4,8854.6,8845.4,21.10601539
1524382800000,8861.9,8845.9,8868,8845.1,66.95433766
1524382500000,8864.4,8861.9,8864.6,8861.9,21.82277486
1524382200000,8870.1,8864.3,8872,8860.5,85.6010627
1524381900000,8870.6,8870.1,8870.7,8865,12.83323074
1524381600000,8872.7,8869.5,8873.5,8865,19.37708066
1524381300000,8850,8874.4,8875.6,8850,58.25270452
1524381000000,8862,8850,8862,8849.67649777,42.73903636
1524380700000,8859.9,8862,8867.9,8857,33.57530639
1524380400000,8890,8859.9,8901.8,8849.1,250.77195344
1524380100000,8882.4,8890,8890,8882.3,154.9169717
1524379800000,8877.5,8882.5,8883,8876.8,96.25377542
1524379500000,8864.8,8877.6,8877.6,8864.7,45.08634586
1524379200000,8853.1,8864.7,8866.3,8853,42.6287063
1524378900000,8866.4,8853.1,8866.49199217,8853,38.68042424
1524378600000,8870,8867.47515067,8874,8867.47515067,31.56110528
1524378300000,8868,8870,8870,8862.3,27.39630867
1524378000000,8858.2,8868,8868,8858.2,20.94150817
1524377700000,8860,8858.1,8860,8858,13.03077559
1524377400000,8850.76145625,8860,8860,8850.76145625,10.97095873
1524377100000,8852.5,8850.8,8854.6,8847.19750671,17.07616344
1524376800000,8834.2,8852.7,8854.7,8833.5,39.77694069
1524376500000,8855.2,8834.1,8855.2,8834.1,207.66126426
1524376200000,8852.1,8855.5,8856.6,8851.99040437,22.47437337
1524375900000,8856.29172279,8852.1,8857.65902025,8849.6,67.05800162
1524375600000,8854.5,8856.29172279,8860,8850,18.98587252
1524375300000,8864.4,8854.3,8873.2,8853.3,43.36113431
1524375000000,8856.2,8864.6,8869.7,8856.1,38.68033875
1524374700000,8850.1,8856.2,8861.9,8850,15.44351604
1524374400000,8862.8,8850.1,8863,8850,36.31809087
1524374100000,8863.3,8862.9,8875,8857.1,83.25164566
1524373800000,8864,8863.3,8902,8863.2,450.56840686
1524373500000,8847.9,8864,8866,8847.9,196.41529078
1524373200000,8847.4,8847.9,8848.27605523,8843.5,8.85462842
1524372900000,8837,8847.8,8848.2,8837,74.77342404
1524372600000,8833.2,8837,8838.4,8831,4.78664361
1524372300000,8818.5,8836.7,8840.4,8818.4,36.04443476
1524372000000,8818,8819.2,8823.2,8818,28.78153454
1524371700000,8817.4,8819.1,8825.9,8817.4,72.01039675
1524371400000,8817.5,8817.4,8817.5,8817,85.8103187
1524371100000,8817.9,8817.4,8818,8816,44.94731576
1524370800000,8821.9,8817.9,8821.9,8814.6,20.15941473
1524370500000,8807.5,8821.9,8826.3,8807.5,95.07610192
1524370200000,8816.2,8807.6,8822.6,8807.5,184.14620963
1524369900000,8818,8816.1,8818.1,8802,172.20012477
1524369600000,8820.1,8818,8831.7,8818,81.7558752
1524369300000,8818.1,8820,8830.6,8818,34.73461928
1524369000000,8823.5,8818.1,8838,8818.0714363,71.39268448
1524368700000,8831.2,8823.5,8835.76828921,8823.5,33.19314953
1524368400000,8848.7,8831.2,8850.4,8831.2,25.35191204
1524368100000,8855.83844495,8848.7,8856,8848.6,13.84687086
1524367800000,8851.4,8855.8,8858.2,8851.2,24.72734408
1524367500000,8861.9,8851.7,8864.1,8840.2,118.26558194
1524367200000,8859.2,8864.9,8864.9,8859,7.71206818
1524366900000,8859,8859.2,8869,8858.5,34.44690049
1524366600000,8861,8859.5,8861,8843.26487273,33.11622585
1524366300000,8867,8860.9,8867,8860.5,24.83079138
1524366000000,8853.7,8867,8867,8853.7,50.61727142
1524365700000,8850.5,8853.8,8854.2,8850.4,11.7599953
1524365400000,8860.4,8850.5,8860.4,8848.91803408,37.3902761
1524365100000,8855,8860.4,8866.7,8854.93987986,44.07493156
1524364800000,8855,8854.93987986,8855,8854.9,9.74453937
1524364500000,8849,8854.9,8860,8848.91803408,35.4924734
1524364200000,8837.2,8849,8849,8837.2,81.19853383
1524363900000,8823.2,8837.24302695,8843.79463911,8823.1,74.40941947
1524363600000,8827.3,8823.2,8827.4,8823,19.25799236
1524363300000,8825.69091463,8827.3,8830,8823.1,39.50860143
1524363000000,8828.4,8825.7,8832.7,8825.69091463,42.68728258
1524362700000,8830.3,8828.4,8835.1,8827.3,60.2136488
1524362400000,8821.4,8830.2,8832,8816,34.6208415
1524362100000,8829.2,8821.4,8829.9,8821.3,21.43139519
1524361800000,8831.95855004,8829,8833.31039297,8824.3,182.95353345
1524361500000,8834.8,8831.95855004,8839.9,8831.5,78.37724604
1524361200000,8814,8835.2,8836.8,8807.5,67.00871985
1524360900000,8838.2,8814.4,8839.5,8812.2,118.8048905
1524360600000,8820.2,8838.5,8840,8814.8,52.14887319
1524360300000,8815.6,8820.3,8822.7,8813.2,34.55169457
1524360000000,8812.3,8815.7,8815.7,8812.2,7.31909813
1524359700000,8819.3,8812.1,8819.4,8812,27.57315694
1524359400000,8801.60353151,8819.2,8819.3,8801.60353151,62.77660998
1524359100000,8827,8801.60353151,8836.01407883,8801.6,284.77872872
1524358800000,8823.6,8827,8829.1,8823.5,56.70241405
1524358500000,8824.5,8823.6,8832.2,8818,63.0593435
1524358200000,8825.7,8826.9,8831.83565523,8813.7,137.0042738
1524357900000,8837.6,8825.07644057,8837.7,8811.3,234.32361946
1524357600000,8844.7,8837.6,8844.7,8837.6,27.27932063
1524357300000,8860.1,8844.5,8861,8837.1,74.54767029
1524357000000,8866,8860.1,8866.1,8860,30.28564854
1524356700000,8865,8866.1,8869,8863.2,32.50337679
1524356400000,8860.2,8865,8865,8857.4,48.55730947
1524356100000,8876.8,8860.1,8876.8,8856.2,115.57991831
1524355800000,8880,8876.8,8880,8868.8269936,112.56204439
1524355500000,8874.6,8880,8880,8850.6,108.855464
1524355200000,8912.4,8874.5,8920,8863.6,229.29121043
1524354900000,8880,8912.5,8920.8,8875,302.42676115
1524354600000,8860,8880,8930,8856.4,1454.57214616
1524354300000,8843,8860,8860,8835.3,296.59257419
1524354000000,8831.9,8843,8843,8831.8,53.76083369
1524353700000,8837,8830.7,8842,8830.7,67.11095846
1524353400000,8831,8836,8840,8830.9,58.80445963
1524353100000,8833,8830.9,8840,8830.1,39.12487733
1524352800000,8822.4,8833,8839.7,8820.8,91.69478568
1524352500000,8815.9,8822.4,8825,8814.2,53.86028748
1524352200000,8811.9,8815.9,8820,8808.2,88.55371
1524351900000,8808.2,8812,8812,8800.10083186,83.33484372
1524351600000,8810.5,8808.2,8810.6,8793.4,72.08172
1524351300000,8800.08904914,8810.6,8811,8800,102.6719204
1524351000000,8803.1,8800.08904914,8812.1,8800,68.79486804
1524350700000,8814.63038156,8804.3,8820,8804.3,86.89203007
1524350400000,8800.1,8814.7,8819.1,8800,139.88194882
1524350100000,8787.4,8800.1,8805,8787.2,162.87140474
1524349800000,8785.7,8786.61036446,8787.2,8781.94036161,13.06999371
1524349500000,8790,8786.8,8790.1,8780.1,65.0644956
1524349200000,8801.2,8790,8802,8790,32.78031877
1524348900000,8787.7,8801.3,8802,8785.9,13.57959583
1524348600000,8784.5,8785.7,8789.4,8782.5,22.60655555
1524348300000,8776.8,8785.9,8788.7,8775.8,14.12049872
1524348000000,8788.1,8776.9,8788.2,8776.8,16.46550893
1524347700000,8769.8,8788.8,8788.8,8769.6,21.27222606
1524347400000,8771,8770,8777.7,8769.8,40.08227983
1524347100000,8770.9,8770.9,8771,8768.4,12.75255671
1524346800000,8779.37428227,8770.1,8779.37428227,8769.8,12.61696364
1524346500000,8793.9,8781.8,8793.9,8770.4,53.52303438
1524346200000,8806,8793.8,8809,8793.4,98.57756121
1524345900000,8794,8807.9,8809,8794,101.1585498
1524345600000,8788.3,8793.93888469,8794,8785.1,31.64171185
1524345300000,8776.3,8788.3,8791.89484137,8776.3,68.43208931
1524345000000,8749.1,8776.4,8783.3,8748.3,144.25619138
1524344700000,8764.2,8749,8767.4,8748.8,93.02166038
1524344400000,8775.9,8763.3,8775.9,8758,23.88952531
1524344100000,8770.8,8775.9,8777.4,8763.9,78.86837802
1524343800000,8750.1,8770.7,8770.7,8748.9,155.86777568
1524343500000,8723.9,8750,8754.4,8722.5,340.05789105
1524343200000,8742.2,8724,8742.2,8723,106.22167045
1524342900000,8743.35139068,8742.2,8743.4,8741.8,7.40745173
1524342600000,8766,8743.35139068,8770.6,8740,123.62045063
1524342300000,8749.4,8766,8766,8742.9,81.011796
1524342000000,8759.9,8749.4,8759.9,8741.8,42.93591412
1524341700000,8771.2,8760,8771.5,8757,50.32963353
1524341400000,8773.1,8771.2,8773.2,8771.2,16.55754971
1524341100000,8774,8773.1,8784.1,8773,26.71637397
1524340800000,8791.8,8774,8791.89484137,8774,11.15851967
1524340500000,8775.2,8791.9,8792,8775.2,12.49618242
1524340200000,8787,8775.3,8787,8775.2,37.50699044
1524339900000,8802.1,8786.9,8802.1,8786.9,49.99206878
1524339600000,8800,8802.1,8807,8800,39.09037336
1524339300000,8797.8,8800.1,8800.1,8792.4,87.06401231
1524339000000,8794.4,8798,8798,8790.1,89.87610991
1524338700000,8797.9,8794.3,8800,8794.3,26.19170291
1524338400000,8799.9,8798,8807.9,8792.7,29.24689393
1524338100000,8794.1,8794.6,8794.6,8794,5.46922155
1524337800000,8793,8794,8807.6,8792.39839789,81.25400758
1524337500000,8787,8792.9,8793.7,8786.9,26.62070937
1524337200000,8777.4,8787,8799.9,8777.4,130.70086327
1524336900000,8788.5,8777.3,8790,8776.16430545,30.58402928
1524336600000,8802.8,8788.5,8802.9,8788.2,37.23494429
1524336300000,8802.7,8802.8,8810,8792.5,73.40585315
1524336000000,8783.41509935,8802.7,8804.1,8783.41509935,67.06141422
1524335700000,8776.7,8783.41509935,8785,8774.4,19.26389271
1524335400000,8770.9,8776.6,8783,8770.9,23.01240453
1524335100000,8754,8770.9,8779,8753.9,43.66994894
1524334800000,8744,8754,8754.8,8739,45.62936121
1524334500000,8754,8740,8754.1,8740,29.08470217
1524334200000,8748,8754.1,8754.1,8748,27.63211314
1524333900000,8754.9,8748,8755,8744.8,34.12198488
1524333600000,8763.8,8754.9,8764.3,8739.05007226,38.03503492
1524333300000,8770.7,8763.7,8772,8758,64.67214516
1524333000000,8729.1,8772.9,8780,8728.5,93.20308744
1524332700000,8757.3,8725.2,8757.3,8722.8,409.93444887
1524332400000,8773.9,8757.3,8773.9,8757.3,70.93678357
1524332100000,8773.9,8773.9,8773.9,8773.8,4.52466446
1524331800000,8775.6,8773.8,8780.2,8773.8,34.32662466
1524331500000,8781.5,8775.6,8783,8773.8,36.06212014
1524331200000,8775.2,8781.4,8783.2,8775.1,20.36116941
1524330900000,8801.3,8777.3,8801.3,8773.7,49.69664488
1524330600000,8783.29220454,8801.3,8801.3,8780.2,138.92758678
1524330300000,8766.3,8782.2,8784,8766.3,28.36777712
1524330000000,8762.8,8766.3,8778.6,8762.7,64.97622547
1524329700000,8759.1,8762.8,8772.1,8748.8,160.15610261
1524329400000,8778.1,8759.1,8778.8,8759.1,123.3277094
1524329100000,8780,8780.4,8788.4,8773,125.4479422
1524328800000,8777.6,8780,8790,8772.3,127.91950914
1524328500000,8757.6,8777.6,8777.6,8757.6,86.13137186
1524328200000,8819.9,8757.6,8820,8752.1,659.42790263
1524327900000,8811.9,8820,8820,8809.4,31.12157472
1524327600000,8803.7,8812,8812,8792.1,127.22841575
1524327300000,8828,8803.6,8828.1,8800.2,85.61035566
1524327000000,8835,8828,8839.9,8828,39.1368702
1524326700000,8857.6,8835,8868.8,8832.5,175.33919089
1524326400000,8818.3,8857.6,8857.6,8818.3,345.20338129
1524326100000,8807.4,8818.3,8820,8807.4,41.24904743
1524325800000,8816.8,8808.7,8816.8,8802.59815622,53.87074483
1524325500000,8808.3,8816.9,8818.7,8801.3,133.2256378
1524325200000,8824.5,8806.5,8830,8794.5,265.38136723
1524324900000,8810,8824.5,8824.60857631,8810,153.33209924
1524324600000,8790.8,8809.7,8810,8790.7,253.52056012
1524324300000,8789.7,8790.8,8794.2,8784.8,55.27366083
1524324000000,8775.8,8789.8,8790,8769.6,78.92446216
1524323700000,8782.6,8776.4,8790,8775.5,150.07094596
1524323400000,8763.3,8782.6,8783.57560989,8763.3,207.3727618
1524323100000,8757.1,8763.2,8766,8757,70.81075226
1524322800000,8743,8757.1,8759,8743,58.34108111
1524322500000,8748.02139353,8742,8752.7,8741.2,62.5991772
1524322200000,8767,8748,8767.8,8743.2,146.2071925
1524321900000,8766,8768.2,8776.8534857,8766,26.47016022
1524321600000,8758,8765.7,8767.7,8757.1,25.76160437
1524321300000,8750.9,8758,8758,8750.1,29.03589526
1524321000000,8757,8750.9,8757.9,8750.1,14.12668398
1524320700000,8768.2,8757.9,8768.2,8746.32383833,55.22860807
1524320400000,8787.1,8768.2,8787.2,8768.1,31.12474931
1524320100000,8770,8787.1,8789.9,8768.5,160.99081363
1524319800000,8760,8770,8770,8759.9,23.51403811
1524319500000,8761.2,8760,8761.9,8759.4,53.48883188
1524319200000,8755.6,8761.1711384,8761.8,8755.5,33.02325348
1524318900000,8771.2,8755.6,8776,8755.5,69.68965379
1524318600000,8751,8771.3,8771.3,8744.8,102.10866509
1524318300000,8736.8,8751.1,8758.4,8736.7,38.39072522
1524318000000,8739.9,8736.8,8740,8729.9,90.56342263
1524317700000,8712.1,8739.9,8740,8712,82.35528907
1524317400000,8719.9,8712,8721.2,8712,50.33909737
1524317100000,8708.4,8719.9,8721.5,8702,103.15073083
1524316800000,8727.8,8708.4,8727.8,8708.3,63.7052209
1524316500000,8728,8727.8,8728,8727.8,46.03615149
1524316200000,8726.1,8727.9,8728.8,8726.1,43.01980406
1524315900000,8741,8726.1,8741.1,8726.1,64.22986155
1524315600000,8757.3,8741,8764,8741,126.04079735
1524315300000,8753.9203445,8757.2,8761,8743.2,82.08686675
1524315000000,8764.1,8753.9,8764.6,8749.8,81.62206048
1524314700000,8764.1,8764,8776.5,8764,113.10525558
1524314400000,8748.9,8764.1,8769.6,8748.1,95.16454814
1524314100000,8736.9,8751.5,8756.6,8736.8,81.06355465
1524313800000,8728.7,8736.9,8739.9,8727.97804106,34.2294468
1524313500000,8746,8728.7,8749,8716.2,222.86188873
1524313200000,8728.6,8746.9,8747,8727.6,82.98323557
1524312900000,8709.8,8729,8730.63888189,8709.8,50.44520215
1524312600000,8717.8,8705.1,8725,8704,83.34234661
1524312300000,8732.5,8717.5,8743,8710.2,247.94697143
1524312000000,8720.2,8732.5,8753.7,8720,229.30420542
1524311700000,8705.8,8720.2,8722,8688,118.6857472
1524311400000,8712.8,8705.8,8718.5,8683.5,146.72613899
1524311100000,8671.9,8712.9,8721.4,8671.9,549.22951882
1524310800000,8653.3,8671.9,8679,8653.3,370.79534863
1524310500000,8658.4,8653.1,8663.3,8644.4,141.25592526
1524310200000,8621.3,8658,8661.73710893,8621.3,239.02757652
1524309900000,8667.4,8621.3,8667.4,8616,542.19111072
1524309600000,8674.5,8667.4,8687.6,8662.8,189.29692154
1524309300000,8664.3,8674.4,8674.5,8650,264.0141187
1524309000000,8692,8664.3,8692.1,8664.3,188.03350958
1524308700000,8692.9,8692,8700,8676,202.1226431
1524308400000,8720.3,8692.9,8720.4,8692.9,195.68761588
1524308100000,8751,8720.3,8752.8,8717,202.70944561
1524307800000,8714.1,8751,8768.7,8713.5,394.39217293
1524307500000,8701,8714.1,8719.87848161,8681.3,315.30869656
1524307200000,8721.1,8701,8721.2,8701,149.73581399
1524306900000,8720.3,8721.1,8723.4,8710.1,108.58590626
1524306600000,8748.1,8720.2,8748.1,8720.2,86.03271527
1524306300000,8754.4,8748.1,8754.6,8741.3,47.97013403
1524306000000,8750,8754.4,8754.5,8750,18.48278819
1524305700000,8740,8753.6,8755.7,8730.1,110.71905153
1524305400000,8758.9,8740,8759,8740,106.320574
1524305100000,8736.1,8758.95903179,8769.5,8736,217.70153226
1524304800000,8721.9,8736,8742.3,8720.1,226.01576957
1524304500000,8712.7,8721.9,8722,8705,119.01656067
1524304200000,8680,8712.6,8714.6,8666,357.32584512
1524303900000,8712.2,8680,8712.2,8666,722.45437132
1524303600000,8761.8,8712.1,8762.3,8701,511.25614697
1524303300000,8774.8,8761.8,8783.9,8761.7,112.75361124
1524303000000,8764.8,8774.8,8780,8760.1,109.45001177
1524302700000,8775,8764.7,8775.1,8738,348.17414432
1524302400000,8784.8,8775,8785,8775,117.39199526
1524302100000,8800.4,8784.76694228,8800.5,8784.76694228,61.03184639
1524301800000,8801.1,8800.5,8801.1,8792.7,98.58494352
1524301500000,8792.87799986,8801,8810,8792.87799986,135.09913932
1524301200000,8807,8792.87799986,8808,8789.9,105.99798778
1524300900000,8791.7,8806.9,8808,8785.6,197.64742106
1524300600000,8774.7,8791.7,8804.9,8762,249.63505835
1524300300000,8789,8774.7,8791.4,8747,522.15067668
1524300000000,8777.8,8789.1,8796.3,8777,119.38268849
1524299700000,8804.8,8777.761938,8804.9,8777.761938,242.4730441
1524299400000,8792.8,8801.5,8814.6,8787.7,287.4560574
1524299100000,8812.5,8787.7,8829.4,8779.7,434.2998012
1524298800000,8792.3,8813.8,8814.7,8749.7,993.22036381
1524298500000,8833,8792.1,8833,8779.6,774.54613066
1524298200000,8866.3,8833.1,8866.3,8833,285.74954742
1524297900000,8886.7,8865,8887.7,8856.7,239.20000126
1524297600000,8875.3,8886.51384866,8896.3,8842.2,413.48434256
1524297300000,8906.6,8875,8907.6,8875,201.6874074
1524297000000,8918.5,8906.5,8929.5,8906.5,145.62036538
1524296700000,8921.1,8918.7,8946.9,8918.7,223.20726473
1524296400000,8947.2,8921.1,8949.5,8883.2,524.81107945
1524296100000,8971.4,8947.4,8975.4,8921.3,371.02462335
1524295800000,9030,8971.3,9030,8960.3,463.47856828
1524295500000,8971.1,9030,9069,8970.1,1499.86146569
1524295200000,8962.9,8971,8978,8957,146.32196451
1524294900000,8960.8,8962.9,8975,8958.7,195.64159407
1524294600000,8967,8960.8,8978,8936.3,423.04145955
1524294300000,8918.3,8966,8970,8918.3,321.04061517
1524294000000,8922.9,8918.3,8923.1,8917,78.95830082
1524293700000,8924.98992263,8923,8929.7,8920,75.55379671
1524293400000,8930,8924.98992263,8950,8921,260.74752937
1524293100000,8917.2,8929.9,8930,8916.7,120.43574163
1524292800000,8906,8916.8,8916.8,8905.9,33.24864118
1524292500000,8918.4,8906,8930,8903.2,112.26037553
1524292200000,8901.8,8918.38880161,8920,8900.9,83.96715725
1524291900000,8885.7,8901.8,8904,8885.5,80.13638974
1524291600000,8910,8885.7,8933,8885.6,514.0870073
1524291300000,8884.1,8910,8910,8884.1,187.9473424
1524291000000,8895.4,8885.4,8895.5,8878.6,51.7213478
1524290700000,8880.1,8895.4,8901.8,8880.1,180.59156075
1524290400000,8886.2,8880.1,8888,8874.9,54.3013539
1524290100000,8861.6,8886.5,8888,8861.6,129.53641719
1524289800000,8859.9,8861.6,8870,8859.8,42.66227411
1524289500000,8862.2,8859.9,8862.3,8856.7,29.26704474
1524289200000,8868,8862.3,8868.1,8855.7,52.26953618
1524288900000,8855.8,8868,8868.1,8855.7,29.08074986
