1524047400000,513.9,513.98,513.99,513.6,204.31500494
1524046500000,514.5,513.9,514.51,513.64,492.35084677
1524045600000,514.45,514.51,514.77,513.98,488.62029405
1524044700000,514.16,514.44,514.77,514.16,378.65277188
1524043800000,514.6,514.17,514.61,513.98,237.33847903
1524042900000,513.87,514.61,514.71,510.48,2465.01121628
1524042000000,513.76,513.8,515,513.4,1429.14144831
1524041100000,514.83,513.95,515.36,513.62984218,1098.92236762
1524040200000,514.22,514.34,516.38,513.86,1446.94821912
1524039300000,515,514.22,515,513.21,1126.66321893
1524038400000,515.01,514.99,515.92,514.58,1350.2210457
1524037500000,514.58,515.35,516.16,514.42118143,1685.18459724
1524036600000,514.93,514.58,515.04,513.6,746.78239418
1524035700000,514.62,514.93,515.7,512.77,1664.62880669
1524034800000,515.15,514.61,517.99,513.79,2288.95375631
1524033900000,506.18,515.15,516.18,505.03,6675.70339251
1524033000000,508.11,506.19,508.11,504.97,947.34897306
1524032100000,507.49,508.48,508.49,506.6,748.35590282
1524031200000,507.94,507.48,507.94,506.6,480.53177166
1524030300000,507.49,507.94,510,507.05,1387.36369356
1524029400000,507.27,507.63,508.17,507.19,346.74247879
1524028500000,507.05,507.28,507.8,507.04,440.91179657
1524027600000,506.19,507.04,508.08,506.18,426.70601765
1524026700000,505.82,506.19,506.60704733,505.82,244.66710421
1524025800000,507.37,505.82,507.37,505.82,499.50067633
1524024900000,506.1,507.38,507.4,506.09,394.75382524
1524024000000,507.31,506.1,507.31,504.3574293,814.80855122
1524023100000,507.09,506.99,507.31,506.41,812.57327147
1524022200000,505.97,507.09,507.55,505.97,336.31218072
1524021300000,504.97,505.98,505.98,504.96,460.1979864
1524020400000,505.54,504.96,505.55,503.8,3594.2582467
1524019500000,507.18,505.55,507.18,504.85,1007.21276382
1524018600000,508.14,507.17,508.14,507.12,452.6512322
1524017700000,508.13,508.14,509.03,508.11,735.3486978
1524016800000,506.88,508.12,508.12,506.88,659.05347493
1524015900000,507.53,506.88,507.61,506.88,157.81865144
1524015000000,507.9,507.37,508.16,505.35,1207.90784938
1524014100000,507.01,507.91,507.91,505.96,934.30376282
1524013200000,504.38,507.01,508.05,504.38,2006.09347685
1524012300000,504.62,504.38,505.23,503.5,479.16826873
1524011400000,503.18,504.63,504.8,502.74,486.05068998
1524010500000,504.75,503.18,505.92,502.66630449,883.38652526
1524009600000,503.13,504.75,505,501.5,2480.15974244
1524008700000,502.57,503.13,503.72,502.16,925.84333952
1524007800000,503.43,502.59,503.44,502.16,173.70870365
1524006900000,503.26,503.43,503.47,501.53,2611.69445503
1524006000000,504.46,503.26,504.46,502.72,813.77802611
1524005100000,502.57,504.47,504.47,502.10042008,750.28473655
1524004200000,504.71,502.57,504.71,502.5,1097.35346486
1524003300000,506.73,504.71,506.89,503.73,1115.38627757
1524002400000,505.4,506.68,507.12514615,504.48,1384.26421218
1524001500000,504.92,505.4,506.71,504.92,1692.05250306
1524000600000,504.65,504.77,505,503.69,855.83221233
1523999700000,503.09,504.66,504.99,502.55,1642.46453224
1523998800000,503.17,503.09,503.17,502.02,727.88654271
1523997900000,504.5,503.18,504.5,501.5,3379.85611978
1523997000000,503.39,504.5,504.61935362,503.38,1988.94875403
1523996100000,502.01,503.39,505.42,501.76,2849.58206363
1523995200000,503.64,501.94,503.64,501.5,4114.64931315
1523994300000,504.98,503.63,504.99,503.25,831.54563714
1523993400000,502.33,504.98,505.76,502.3,2941.02139992
1523992500000,504.46,502.26,504.46,502.07,2674.62421726
1523991600000,506.69,504.47,506.69,501.5,6387.81847068
1523990700000,513.96,506.69,513.97,505.76,9359.34177103
1523989800000,512.5,513.96,514.06,512.49785506,943.22561062
1523988900000,515.04,512.5,515.04,512.5,906.27989252
1523988000000,515.36,515.04,515.36,511.94,3354.81364423
1523987100000,515.46,515.36,517.5,515.36,1417.05890792
1523986200000,516.3,515.46,517.3,515.31,470.61026135
1523985300000,515.16,516.3,516.4,515.15,377.46967842
1523984400000,515.71,515.16,516.13,514.47,424.97305601
1523983500000,516,515.71,517,514.53,1028.83750706
1523982600000,515.53,516,516.27,514.5,1060.02651256
1523981700000,516.3,515.54,516.3,514.75,302.57841812
1523980800000,514,516.37,516.69128982,514,1104.45719004
1523979900000,514,514,514.01,514,1757.43670753
1523979000000,515.97,514,515.97,514,863.95192138
1523978100000,514,515.97,516.2,514,2082.30959294
1523977200000,515.01,514,515.02,514,1812.1364916
1523976300000,515.83,515.01,516.22,514.93,469.97432934
1523975400000,515.93,515.83,516,515.72,341.75106392
1523974500000,515.88,515.92,516,515.88,355.65422602
1523973600000,514.85,515.88,515.99,514,1200.70265874
1523972700000,515.11,514.86,515.11,514.85,122.26327818
1523971800000,515.03,515.11,515.92,514.83,479.76301222
1523970900000,514,515.02,515.79,514,2939.15183592
1523970000000,515.72,514.01,518.22,514,2350.73089534
1523969100000,521.44,515.72,522.2,514,8317.70087888
1523968200000,517.35,521.2,523.8,517.21,8768.88662491
1523967300000,517.86,517.3,517.9,516.22451732,813.6735604
1523966400000,517,517.86,519,516.61,1624.29133758
1523965500000,516.95,516.5,517,516.47,517.15796299
1523964600000,516.02,516.95,516.99,516.02,259.43262061
1523963700000,517,516.02,517,515.83,433.93286655
1523962800000,515.14,517,517.2,515.14,739.11350522
1523961900000,514.99,515.14,516.78,514,3551.61483655
1523961000000,514.8,515,515.7,514.10843734,279.14652211
1523960100000,514.76,514.76,515.4,513.42,673.07598428
1523959200000,518.08,514.75,519.73,513.55,3064.40181184
1523958300000,518,517.97,520.12,517.12,1319.77262424
1523957400000,516.4,518,518.54,516.38,1618.28215572
1523956500000,517.82,516.4,517.92,516.33,935.29071053
1523955600000,517.01,517.73,518.12,516.75,912.67870893
1523954700000,516.59,517.01,518,516.2,1234.34667926
1523953800000,515.09,516.56,516.99,515.09,551.72309173
1523952900000,515.43,515.09,515.94,514.6,410.64850833
1523952000000,514.64,515.4,516.62,514.06,2853.72026785
1523951100000,514.09,514.69,514.69,513.43,484.62685716
1523950200000,514.87,514.1,514.9,513.08,997.55589193
1523949300000,514.16,514.88,514.9,511.48613947,1473.5364953
1523948400000,507.48,514.16,514.48824094,507.44,7235.89838824
1523947500000,507.99,507.48,508,505.75,1051.08929426
1523946600000,507.66,508,508,507.65,390.69540114
1523945700000,506.83,507.66,508,506.49,1176.18003151
1523944800000,505.37,506.82,508,504.86,2035.40327445
1523943900000,506.67,505.37,506.68,505.36,358.41948716
1523943000000,506.2,506.68,507.19646383,504.55771913,1007.179077
1523942100000,507.08,506.26,507.13,506.26,371.14491955
1523941200000,506.91,507.03,507.15,506.05,496.83131806
1523940300000,505.97,506.92,507.1,505.96,320.69052679
1523939400000,505.7,505.97,507.07,505.69,486.98097815
1523938500000,505.84,505.69,507,505.24,971.09239316
1523937600000,507.91,505.84,507.91,505.06,955.5277854
1523936700000,505.65,507.91,507.91,505.64,902.58603261
1523935800000,505.47,505.65,507.79,505.02,1630.76079721
1523934900000,506.96,505.01609263,506.97,504,2828.26617577
1523934000000,506.66,507.1,508,506.440767,1893.54684862
1523933100000,507.4,506.91,507.93,505.42491223,2342.75819426
1523932200000,504.95,507.4,507.9,504.94,1358.01579251
1523931300000,508.71,504.95,508.71,504.50889593,1449.48107099
1523930400000,508.49,508.7,509.17,507.96,849.19184919
1523929500000,509,508.33,509.65,508.25,695.38689163
1523928600000,509.39,509,510,507.27,1869.51926373
1523927700000,508.96,509.39,510.34,508.33,1300.66490981
1523926800000,509.19,508.96,510.99,508.72,2039.26778939
1523925900000,509.39,509.19,509.53,508.32,694.74281221
1523925000000,510.3,509.38,511.5,509,1016.1060025
1523924100000,507.64,510.16163963,510.43,507.63,777.30284355
1523923200000,511.29,507.61,511.89,505.87,1688.31537099
1523922300000,511.64,511.29,511.9,511.14,297.42321722
1523921400000,511.71,511.61,511.99,510.59,473.2168557
1523920500000,509.47,511.25,513.15,509.46100917,2132.0991926
1523919600000,507.13,509.46,512.06,507,3810.61821765
1523918700000,507.19,507.06,507.87,506.39,493.63183741
1523917800000,506.47,507.15,508.27,506.34,973.48521083
1523916900000,506.48,506.23016296,507.33,504.42,827.75155058
1523916000000,506.08,506.5,507.51,505.59,452.33592015
1523915100000,506.19,505.7,506.19,504.63,240.2091838
1523914200000,506.1,506.01,507.38,505.14,944.26842799
1523913300000,504.34,506.1,506.15,504.34,316.26892408
1523912400000,502.1,504.33,504.49,501.94,292.91622651
1523911500000,502.72,502,502.85,501.48,1178.33952054
1523910600000,503.79,502.71,503.99,502.71,412.63252995
1523909700000,502.36,503.77,504,502.36,476.40782772
1523908800000,504.08,502.38,504.08,500.67,1696.52413609
1523907900000,506.45,503.8,508.17,501.63,2739.69692944
1523907000000,508.46723173,506.41,508.92,505.61,642.74013194
1523906100000,507.32,508.34,508.74,506.95,342.56902535
1523905200000,504.90156023,507.32,508.3434792,504.31,790.22494469
1523904300000,507.15,504.85,508.3,502.4,4619.26676845
1523903400000,506.53,507.42,508.27,506.5,858.18619401
1523902500000,508,506.54,508.55,506.13,977.80008232
1523901600000,508.3,508,508.32,508,1157.4167873
1523900700000,509.15,508.81,510.02,508,1764.11319529
1523899800000,504.67,509.14,511.2,504.61,4854.37138638
1523898900000,503.04,504.55,505.28,502.74,1007.49533662
1523898000000,502.22,503.04,503.62,501.42,942.12563822
1523897100000,503.49,502.07,503.49,501.51,555.31031512
1523896200000,502.86,503.61,503.62,501.29,359.11337781
1523895300000,501.35,502.95,503.17,500.81652852,609.5886387
1523894400000,504,501.5,504.00841272,501.5,554.761147
1523893500000,505.21,504,505.55,503.99,515.59675093
1523892600000,504.04,505.06,506.08,503.93,509.07560367
1523891700000,503.68,503.41,504.33287975,502.2,433.39404297
1523890800000,503.02,503.41,506,503.01,1118.048458
1523889900000,505.18,503.02,505.18,502.1,1772.74473354
1523889000000,501.64,505.19,505.98,501.3,1405.1281671
1523888100000,500,501.74,501.93,499.5,1970.77303153
1523887200000,502.1,500,502.5,500,918.30258424
1523886300000,502.14,502,502.85,500.46,1007.44286194
1523885400000,499.59,501.67,504.48,499.33,6213.77600346
1523884500000,500.67108937,499.59,502.36895168,499.33,6758.31339613
1523883600000,502.48,500.45,503.82,500.4,2579.60910898
1523882700000,503.57,502.61,503.86,499.33,4158.5536742
1523881800000,509.69,503.58,509.69,502.35,4722.76971648
1523880900000,508.67,509.69,510.92,507.91,1811.47440817
1523880000000,511.94,508.3,512.62,507.1,1474.69096717
1523879100000,511.87,511.92,512.49,510.88034039,631.98653329
1523878200000,510.3,511.6,512.54,510.29,725.81667238
1523877300000,510.56,510.3,513.19,510.29129288,1214.82128562
1523876400000,511.03,510.29,511.1,509.1,814.05661666
1523875500000,513.6,511.04577742,513.6,510.02,1296.39639346
1523874600000,513.96,513.6,514.1,512.77,477.19184114
1523873700000,513,513.96,514.43,511.47,1964.20158847
1523872800000,513.93,513,513.93,512.7,1046.81723046
1523871900000,510.83,513.93,513.95,510.82,1392.84997945
1523871000000,512.59,510.83,512.72,510.7,1134.76470327
1523870100000,515,512.58,517.38,511.67,5824.09755683
1523869200000,516.2,515,517.21,514.9,1468.08733902
1523868300000,514.6,516.19,517.49,514.6,1757.2812125
1523867400000,514.08,514.6,516.03,512.8,2587.61333625
1523866500000,513.33,514.07027411,514.76,513.24,678.59401384
1523865600000,513.71,513.2,515.51,512.76,2693.26134211
1523864700000,511.79,513.71,514.13,511.78,1693.55929836
1523863800000,509.91,511.79,511.9,509.9,1072.44559424
1523862900000,510.29,509.9,510.35,509.9,502.65459352
1523862000000,511.1589022,510.29,511.16,510.29,303.50656173
1523861100000,510.76,511.58,512,509.9,1237.21618674
1523860200000,507.03,510.76,511.82,506.62,7403.46006927
1523859300000,507.61,507.04,508.81920385,506.22,2041.37870622
1523858400000,507,507.73,507.73,504.22,7830.7133951
1523857500000,508.18996575,507.02,508.57,507,1119.93373923
1523856600000,507.95554371,508.16,508.91,506.71,3649.31349647
1523855700000,512.25,507.95,512.26,504.05,7636.40486997
1523854800000,513.9,512.25,516.33,511.63,3415.62417466
1523853900000,512.65,513.9,514.77,512.65,985.65249973
1523853000000,513.08,512.65,515.34,512.37,1389.92006484
1523852100000,514.23,513.07,514.24,511.28,6227.66463007
1523851200000,516.84,514.23,517.27,513.11898455,1865.3324068
1523850300000,517.9,516.83,518.69,516.75,1640.70188388
1523849400000,519,517.89,519.39,514.62,2507.0177203
1523848500000,515.71,519,519.03,514.02,3057.05046766
1523847600000,512.85,515.8,517.46,511.5,5316.72604668
1523846700000,514.93,512.85,519.4,512.07,4383.35382227
1523845800000,515.53,515.46,518.96,512.95,4537.30658313
1523844900000,518.27,515.58,520.49,510.22573609,9814.23071363
1523844000000,525,518.27,526.91,517.02,7139.70050297
1523843100000,529.62,524.99,530,524.19,10185.71167865
1523842200000,533.22,529.62,533.23,529.27,2095.75554315
1523841300000,533.99,533.22,534.03,530.8,2233.35083644
1523840400000,533.37,533.99,535.7,532.6,2330.73973055
1523839500000,534.07,533.37,534.08,530.84200696,2741.02421841
1523838600000,535.96,534.07,537.1459871,530.91,5748.37533015
1523837700000,531.85,536.06,537.56,531.84,3986.83772673
1523836800000,534.03,531.85,534.04,531.11,2588.18865734
1523835900000,532.43,534.04,534.18,532.42,2143.21169043
1523835000000,528.99,532.43,532.57,528.03,2630.3147629
1523834100000,527.89,529,529.81749224,526.87,1042.52107432
1523833200000,529.36,527.89,530,526.7,2788.80730852
1523832300000,527.52,529.37,529.48,526.44,1924.45002331
1523831400000,525.9,527.53,528.7,525.9,1948.27723743
1523830500000,523.78,525.92,530.25879136,522.7,9707.3473635
1523829600000,523.81,523.78,523.89,523.77,527.2250045
1523828700000,524.13,523.81,524.16,523.46,1101.65063262
1523827800000,524.12,524.14,524.14,524.11,630.29205681
1523826900000,524.63,524.11,524.63,522.57440027,775.55955114
1523826000000,524.62,524.63,524.63,524.62,130.27767164
1523825100000,523.18,524.63,524.63,522.8,768.60937124
1523824200000,525,523.19,525,523.12,1040.27475289
1523823300000,524.2,525,525,524.19,999.48344728
1523822400000,525.08,524.2,526.21,523.50351235,4953.6211509
1523821500000,522.72,525.08,525.08,522.71,635.610506
1523820600000,522.02,522.72,523.4,522.01,687.01391586
1523819700000,521.93,522.03,524.82,520.454254,2597.18966432
1523818800000,525.76,521.76,525.76,518.16,6954.20797069
1523817900000,526.92,525.76,527.19,525.75,1099.05443011
1523817000000,527.6,526.92,529.37742914,526.51,2430.61840127
1523816100000,528.32,527.6,528.33,525.3,1624.57751743
1523815200000,527.28,528.4,529.46284933,527.28,1871.15554722
1523814300000,527.46,527.27,528.53,525.92,1252.72274446
1523813400000,525.22,527.45,528.18154639,525.21,1982.028416
1523812500000,524.01,525.22,526.01,524.01,1083.28253906
1523811600000,523.58,524.01,524.99,523.58,1331.02532841
1523810700000,523.18,523.59,524.74,521.88,1643.74113197
1523809800000,523.89,523.18,524.33,523.17,630.53613834
1523808900000,525.59,523.9,525.6,523.89,814.53377075
1523808000000,521.63,525.58,525.61,521.63,1027.20894261
1523807100000,522.25,521.63,525.78,521.02,2930.90304724
1523806200000,523.49,522.25,524.97,522.1,1713.82529966
1523805300000,524.99,523.49,526.6,521.19,3193.31581768
1523804400000,527.93,524.99,528.92,524.85,3297.70095206
1523803500000,526.62,527.93,529.03,526.4,1864.22356955
1523802600000,529.54,526.84,529.54,526.62,1805.31786377
1523801700000,529.69,529.58,530.17,527.86,3080.47331133
1523800800000,527.89,529.68,530.09,527.89,1964.66761204
1523799900000,530,527.9,530.72,526.83,4211.99858976
1523799000000,525.45,530,530.33,525,6369.79433954
1523798100000,526.05,525.45,526.08,525,1768.57510694
1523797200000,523.65,526.06,526.07,523.64,2036.64515562
1523796300000,524.38,523.65,525.67,522.91396763,2218.7974132
1523795400000,523.39,524.37,524.38,522.4,724.88178702
1523794500000,522.88,523.3980154,523.68,520.04,2389.88775782
1523793600000,521.62,522.88,523.57,520.71,1310.99635582
1523792700000,520.89,521.62,523.86,520.81,1723.08566065
1523791800000,523.52,520.89,525,519.6,6048.82773022
1523790900000,521.79,523.43158087,527,521.78,5550.06666939
1523790000000,512.23,521.79,523.17,512.23,9270.07540901
1523789100000,512.51,512.24,512.51,512.23,327.15376438
1523788200000,512.54,512.51,512.54,512.5,468.7973504
1523787300000,511.9,512.53,513,511.9,498.90868459
1523786400000,511.85,511.9,513.41,511.85,701.35858834
1523785500000,513.87,511.84,513.88,511.18,1164.53406689
1523784600000,513.15,513.87,514.68,512.56,857.636577
1523783700000,510,513.22,514.94,510,4812.92508891
1523782800000,511.9,510.03,512,508.81963526,1288.16578924
1523781900000,511.6,511.9,511.93747242,509.81,1840.37248131
1523781000000,509.31,511.6,511.9,508.58,4241.49460484
1523780100000,510.62,509.31,510.62,508.27,3050.88789277
1523779200000,509.59,510.62,510.62,509.59,638.8542345
1523778300000,509.77,509.59,510.38,507.3,2823.93091859
1523777400000,510.31,509.78,510.6,508.72,1157.45348996
1523776500000,512.03,510.31,512.03712931,510,1489.45789794
1523775600000,512.39,512.03,512.4,510.6,2107.73154974
1523774700000,513.03,512.39,513.1,511.75,2788.16790341
1523773800000,512.5,513.04,513.83,512.49,2254.51156325
1523772900000,515.98,512.5,515.98,512.23,1805.74183306
1523772000000,516.01,515.98,516.02,514.4716049,977.619779
1523771100000,513.55,516.01550835,516.1,513.54,1289.44733404
1523770200000,512.49,513.55,514.57,512.49,820.50095878
1523769300000,512.07,512.49,512.5,512.07,484.01640458
1523768400000,513.02,512.07,513.03,509.02,2268.31088771
1523767500000,512.26,513.01,514.18,512.25,515.77862162
1523766600000,513.73,512.25,514.42,511.16,2037.45382003
1523765700000,511.51,513.73,515.78,511.5,2470.14741304
1523764800000,512,511.5,512.24,511.5,511.38631173
1523763900000,511.97,512,512.45,511.52,790.63836389
1523763000000,511.78,511.55,511.98,509.31,1168.6899597
1523762100000,511.46,511.16,513.1,510.48738774,1315.56795902
1523761200000,511.85,511.45,513,510.36,1126.65862118
1523760300000,511.61,511.85,512.35,508.71,2852.2128315
1523759400000,513.33,511.61,513.79,511.61,1075.39498229
1523758500000,516.56,513.33,517.68,507.96,21154.59787334
1523757600000,517.98,516.56,518.64295782,516.19,3912.57361248
1523756700000,512.63,517.97,524,512.63,14438.82490142
1523755800000,513.05,512.63,513.35,511.84,1409.51302133
1523754900000,509.78,513.05,514.73,509.78,3649.68255532
1523754000000,507.42,509.79,510.38567219,505.09,2040.6253331
1523753100000,507.90842076,507.42,510.3,506.66212571,2797.10069965
1523752200000,509.96,507.90842076,512.47,507.15,3674.02260649
1523751300000,509.56,509.95,512.95,505.67,5017.60851341
1523750400000,502.45,509.56,512.7,502.45,5767.05866209
1523749500000,503.68,502.44,503.68,502.14,620.07315009
1523748600000,505.24,503.67,505.25,502.15,2781.98107033
1523747700000,507.02,505.25,507.02,505.04690992,650.72124991
1523746800000,508.21,507.03,508.22,505.47,1428.55962267
1523745900000,508.4,508.21,508.6,507.82,468.42087513
1523745000000,508.01,508.4,508.49,506.72,983.14256092
1523744100000,506.6,508.01,508.39,506.41,1209.6181512
1523743200000,506.53,506.6,506.61,506.52,471.88336848
1523742300000,506.76,506.52,506.77,506.52,436.31552418
1523741400000,506.9,506.76,507.48,506.76,954.052442
1523740500000,508.22,506.9,508.49,506.85,668.57261161
1523739600000,507.52,508.22,508.49,507.52,608.80314062
1523738700000,508,507.53,508.19,506.59,1508.15026508
1523737800000,506,508,508,506,2447.71709986
1523736900000,504.59,506,506,503.2,1337.83379369
1523736000000,503.99,504.58,505.36,503.99,696.50067492
1523735100000,502.59,503.99,504.86,502.59,1330.72502921
1523734200000,502.42,502.17,503.03,501.47,1436.80952955
1523733300000,502.8862219,502.41,503.72,501.41655159,1055.32946036
1523732400000,501.5,502.88,502.88,500.55,1939.3269635
1523731500000,496.08,501.46,501.47,496.07,2589.4709496
1523730600000,496.17,496.08,497.02,496.07,757.6793378
1523729700000,497.03,496.17,498.06,495.09,538.15389572
1523728800000,496.71,497.04,497.1,494.5,897.00392103
1523727900000,493.12,496.72,496.72,492.48,2058.89733059
1523727000000,494.12,493.12,494.13,493.12,582.28983176
1523726100000,496.34,494.13,496.35,493.67,1402.90380038
1523725200000,498.55,496.35,498.61,496.18,1058.28655887
1523724300000,497.25943537,498.55,498.58344841,495,1665.74429893
1523723400000,494.75,497.15,497.91,494.75,1182.196293
1523722500000,493,494.15,494.91,493,1976.3350042
1523721600000,494.04,493,494.05,493,4631.25379857
1523720700000,494.19,493.56,494.72530289,493,1340.61433637
1523719800000,493.73,494.2,494.59,493.41,683.72640424
1523718900000,492.99,493.74,495,492.99,1521.14509809
1523718000000,492.85,493,493.8,491.26,1019.63961439
1523717100000,490.17,492.85,492.85,490.16,1325.20157189
1523716200000,491.95,490.17,492.08,490.16,567.30910948
1523715300000,493.16,491.95,493.45,490.24,1084.91940707
1523714400000,493.99,493.16,494.86,491.63,1453.53896149
1523713500000,491.25,493.99,494.63,490.68,877.43719576
1523712600000,492.49014109,491.26,493.16,490.74409984,1501.96415116
1523711700000,491.35,492.83,492.83,489.01656215,2884.71364043
1523710800000,489.66,491.35,493.12,489.1399577,2744.07383875
1523709900000,487.46,489.66,491.15,486.94,3577.97030482
1523709000000,491.08,487.04223336,491.28,487,4538.33408037
1523708100000,494.37,491.3,494.63,491,3990.25018834
1523707200000,496.85,494.37,497.3,493.26,1226.53160987
1523706300000,495.65,496.85,496.85,493,2867.33775327
1523705400000,498.89,495.65,499.95,495.11,2454.6003246
1523704500000,497.22,498.89,498.89,494.72977609,1439.73239871
1523703600000,493.31,497.21,497.66,493.31,1844.18301696
1523702700000,500.67,493.32,501.17,491.8,6112.62610597
1523701800000,501.66,500.74,503.22,499.2,2462.79775592
1523700900000,504,501.66,505.79,501.5,1887.69228585
1523700000000,505.47,503.64,506.84,502.09,2773.76871431
1523699100000,504.37,505.37,508.64,503.51,2598.01332811
1523698200000,509.85,504.37,510.29,501.96,3074.04345965
1523697300000,508.21,510.24,511.14,506.69,1151.81143632
1523696400000,508.57,508.21,510.86,508.01,684.09592385
1523695500000,510.49,509.02,511.1,508.33,797.30097287
1523694600000,511.12,510.49,511.13,507.48,1204.47945895
1523693700000,512.7,511.13,513.95480268,510.27,1248.44764115
1523692800000,512.28,512.7,514.93,510.65,2457.56441966
1523691900000,511.92,512.27,514.4,510.09,2006.30116132
1523691000000,512.07,512.36,514.82,511.03,3798.65880953
1523690100000,501.67,512.07,512.08,501.66,4737.16837556
1523689200000,502.9,501.67,503.06,499.67,2404.58714154
1523688300000,502.5,502.74,503.77,501.88,856.28403796
1523687400000,502.21,502.49135614,502.7,501.07,1423.66946447
1523686500000,500.97,502.09,503.06,500.79,1617.14886452
1523685600000,499.17,500.97,501.19,499.1,1094.84218532
1523684700000,500.54,499.19,503.26,499.1,1864.63798993
1523683800000,501.98,500.55,503.26,500.13,1280.59520224
1523682900000,502.19,501.98,504.2,501.86,1011.33066818
1523682000000,500.02,501.99,503.7,500,2910.52152112
1523681100000,504.99,500.02,504.99,500,3443.45573071
1523680200000,505.53,504.99,506.4,502.6,2001.63124906
1523679300000,506.89,505.55,508.19,505,1420.85510683
1523678400000,508.8,506.9,508.81,505.35,1386.45424541
1523677500000,507.52,508.8,510.29,505,2138.05291322
1523676600000,505.81,507.53,508.9,505.72,1053.14130472
1523675700000,504.81,505.84,507.1,504.81,778.08548057
1523674800000,509.53,504.83,509.53,504.83,3018.13301871
1523673900000,511,509.54,512,509.13,1898.83273653
1523673000000,509.99,511,513.55,508.71,3109.3439088
1523672100000,506.27,509.98,510,503.66,2819.11206544
1523671200000,507.93,506.27,508.73517094,504.1,2734.04691284
1523670300000,506.34,507.92,509,502.14,4635.76292576
1523669400000,497.73,506.34,506.45,497.72,8921.56013387
1523668500000,494.99,497.73,502.5,494.98,3482.14742195
1523667600000,494.4,494.99,495,493.36,597.57795503
1523666700000,490.49,494.3,497.83,490.49,2427.5918834
1523665800000,489.17,490.5,491.07,488.92,1737.91182877
1523664900000,489.66,489.17,493.99,487.52,3299.07050146
1523664000000,495.92,489.64,496.23,487.79,3613.97211865
1523663100000,496.53,495.93,497.04,491.96,3268.83209867
1523662200000,501.94841572,496.52,501.94841572,496.37,2030.41483926
1523661300000,500.69,501.59,502.44,496.04,4877.08282655
1523660400000,495.72,500.69,501.42,491.86,5790.18280331
1523659500000,485.06,495.99,496,484.86,4872.98658954
1523658600000,486.48,485.06,486.65,484.08,4867.21039901
1523657700000,486,486.49,488.89,485.05,3902.51749029
1523656800000,490.5,486.01,490.61,485.2,3979.08359947
1523655900000,491.18,490.46852978,491.23,489.5,1167.27727033
1523655000000,494.21,491.17,494.23,490.95,1274.09673235
1523654100000,490,494.75,496.14,490,3618.84398923
1523653200000,493.99,490,494.149817,490,4845.00919868
1523652300000,494.6,493.99,494.97,490.1,7826.42320364
1523651400000,506.25,494.59,506.5,492.6,21416.86645682
1523650500000,509.59,506.25,509.59,506,1914.44405583
1523649600000,510.2,509.6,511.31,509.3,1212.76189911
1523648700000,509.03,510.2,511.75,508.72,1153.86585564
1523647800000,508.88,509.21,510.5,507.6,3849.43760553
1523646900000,513.97,508.88,513.97,508.01,3400.64714663
1523646000000,515.91,513.97,515.92,511.87,1627.30211095
1523645100000,513.58,515.91,515.91,513.57,1147.97355456
1523644200000,513.3,513.57,513.59,512.76,370.77428204
1523643300000,513.49,513.3,514.67,512.39,1924.87499828
1523642400000,513.9,513.52,514.82,511.99,1768.17445958
1523641500000,514.78,513.9,515.01,513,2200.97345472
1523640600000,514.75,514.78,518.99,514,2740.91222404
1523639700000,514.11,514.75,515.52,510.23,3093.57873255
1523638800000,518.99,514.11,519,513.86,2067.0769007
1523637900000,516.76,518.99,519.3,516.75,1232.03372018
1523637000000,515.80943149,516.75,517.2,515.78,2167.32819682
1523636100000,515.64,515.21,519.97,514.23,4313.63119079
1523635200000,517.02,515.63,517.18,513.99,2229.71639105
1523634300000,511.12,516.87,517.19,511.06,3068.14032263
1523633400000,513.03,511.12,514.89,511.12,2133.53043602
1523632500000,511.71,513.03,513.03,509.33,3870.7990205
1523631600000,513.95,511.53,514.01,511.53,2615.25947671
1523630700000,516,513.72,516.9,513.7,1839.12815118
1523629800000,511.78,516,516.29,508,5131.58775719
1523628900000,515.33,511.78,516.63,511.22,4258.64537632
1523628000000,518.06,515.64,518.41,513.59,5823.41510573
1523627100000,520.38,518.07,520.38,514.5,7836.61773183
1523626200000,522.38,520.48,524,520,4638.45663045
1523625300000,525.33,522.37,525.65,522.07,5571.51361201
1523624400000,526.91,525.32,528.02,521.9,4991.60049275
1523623500000,526.5,526.9,528.36,524.19,5910.74273712
1523622600000,518.88,526.49,526.83,518.87,11188.78036937
1523621700000,516.2,518.87,518.88,516.19,1559.95228013
1523620800000,517.9,516.19,519.09,513.92,7980.47585003
1523619900000,521.46,517.89,522,516.3,2123.11775037
1523619000000,519.1,521.45,521.46,517.11,3148.86960613
1523618100000,516.63,519.1,520,513.99,5059.05217525
1523617200000,513.47023778,516.63,518.14,513.21,4414.15815762
1523616300000,515.54,513.85,515.6,513.01,2474.63055294
1523615400000,511.17,515.55,515.55,511.1,2661.66695898
1523614500000,509.73,511.09,512.54,506.08,8813.16609069
1523613600000,509.72,509.71,513.1,505,8243.61530728
1523612700000,515.83,509.71,515.83,509.63,7002.18611811
1523611800000,513.7,515.82,517.29,511.71,7359.95394291
1523610900000,517,513.7,519,512.48,7769.91654317
1523610000000,522.23,517,522.23,514.86,12391.51288702
1523609100000,522.23,522.16,524,515.01,14973.0852937
1523608200000,516.4218952,522.28,523.88,516.4218952,9654.76597972
1523607300000,514.15,517,517,512.1,4543.46229232
1523606400000,511.8,514.16,515.6,508,10757.62083285
1523605500000,501.3,511.8,518.16,501.3,14754.55147829
1523604600000,499.5,501.3,501.3,497.11,4400.0662078
1523603700000,495.01,499.5,501.42,494.64,7865.23658494
1523602800000,492.15,495.01,496.01,492.15,4032.42785746
1523601900000,492.11,492.14,493.21,490.61,1257.58829936
1523601000000,491.83,492.11,494.28,491.03,2279.59438385
1523600100000,493.01,491.83,493.02,490.28,1608.40310023
1523599200000,484.96,493.01,493.97,484.86,4000.30044271
1523598300000,487.12,484.99,487.6,484.8,1226.99208181
1523597400000,484.6,487.12,488.54,484.6,1731.12305087
1523596500000,485.99,484.61,486.53,480,2941.22035597
1523595600000,486.51,485.72,488.77,485.71,1866.59663964
1523594700000,489.73,486.57,489.74,486.57,793.05867426
1523593800000,488.76,489.73,490.55,486.99,1727.99196147
1523592900000,488.34,488.86,489.69,486.78,1416.08298615
1523592000000,490.12,488.34,491,487.76,2196.92795404
1523591100000,491.86,490.5,491.9,490.01,1417.62646136
1523590200000,491.49,491.86,493.83,491.35,1230.4374319
1523589300000,492.01,491.49,493,490.91,1524.99441004
1523588400000,493.88,492,496.32,492,2132.87159855
1523587500000,492.02,493.87,494,491.77,2351.63373412
1523586600000,491.39,492.4,492.72,489.26,2139.72177471
1523585700000,489.49,491.39,493.4,489,4238.60711053
1523584800000,484.25,489.49,489.79,484.25,3270.44456608
1523583900000,483.19,484.25,487.75,482.23,4751.81450459
1523583000000,485.6,483.2,490,483.02,2892.33797547
1523582100000,490,485.25,490,485.25,1853.97694295
1523581200000,492.08,490,492.08,487.24,2035.5460816
1523580300000,487.83,492.08,492.15,483.34,2984.93388211
1523579400000,500.25,487.83,500.25,486,6697.26205079
1523578500000,496.78,500.24,506.99,496.27,13237.63922107
1523577600000,493.85,496.75,498.46,493.84,3298.17256786
1523576700000,494.46,493.55,496.19,492.63,2422.80931872
1523575800000,491.5,494.46,499.17,490.88,9997.28507752
1523574900000,488.6,491.51,493.7,487.49,3431.96971603
1523574000000,491.66,488.59,493.57607391,486.71,7053.42785851
1523573100000,483.86,491.67,491.67,483.21,3458.20152297
1523572200000,482.09,483.84,486.04,480.21,4688.12083903
1523571300000,480.69,482.29,483.2,474.98,3453.51477131
1523570400000,485.68,480.36,486.1,476.15,5057.03984486
1523569500000,485.8,485.71,488,482.05,5694.63510588
1523568600000,482.27854814,485.70727321,485.84,481.5,6939.66485633
1523567700000,469.8,482.21,482.82,469.79,5038.28149878
1523566800000,467.79,469.8,469.99,467.79,2381.69179808
1523565900000,465.6,467.79,467.79,465.35,1342.01067521
1523565000000,463.79038109,465.5912639,465.99,463.79038109,1394.49560671
1523564100000,464.99950213,463.8,465,463.25,867.84403447
1523563200000,463.55,464.99,465,462.88,1324.91596374
1523562300000,463.34,463.55,464.7,462.54,1018.72273143
1523561400000,464.42,463.38,466.6,462.50787805,2411.79240281
1523560500000,462.33,464.42,464.43,461.93,789.58634216
1523559600000,458.98,462.3,462.33,458.98,1244.69031814
1523558700000,458.38,458.98,459.79,455.58,3113.22725009
1523557800000,460.76,458.39,460.77,458.22,1437.36747229
1523556900000,461.96,460.76,461.96,459.510827,1296.36690911
1523556000000,462.94,461.96,463.45,458.66,2982.02992372
1523555100000,462.88,462.93,463.8,462.86,545.8975133
1523554200000,462.23,462.88,462.88,461.48,1345.00523381
1523553300000,461.86,462.24,463.94,461.52,2777.94427999
1523552400000,456.62,461.87,467.99,456.62,10063.02807599
1523551500000,455.36,456.62,456.73,452.31,5107.84612219
1523550600000,460.62,455.36,460.65,455.18,6182.30137075
1523549700000,463.8,460.62,463.8,460.55,2362.93496826
1523548800000,465.02,463.98,465.06,463.4,2028.31577437
1523547900000,466.46,465.02,467.02,463.4,3008.06214643
1523547000000,464.91,466.46,467.06,464.38,2932.55311958
1523546100000,465,464.91,466.86,464.6,1325.84347384
1523545200000,468.21,464.99,468.21,464,1727.21215825
1523544300000,467.33,468.21,469,465,9627.78573032
1523543400000,470.19,467.33,470.57,466.34,3592.93085267
1523542500000,469.98,470.19,471.26,465.3,4152.60135689
1523541600000,463.75,469.98,470.3,462,5987.70849983
1523540700000,464.65,463.75,465,462.67,2818.88090667
1523539800000,462.12,464.65,464.82,461.02,2947.5316321
1523538900000,461.97,462.12,465.55,461.21,4723.21219833
1523538000000,462.69,461.95,464.75,459.24,5922.44796536
1523537100000,461.53,462.57,465.91,460.57,5370.43172501
1523536200000,460,461.58,462.99,458.35,7738.59179701
1523535300000,456.31,459.49,461.38,454.5,13625.32299381
1523534400000,462.51,456.31,465.6,455.76,12222.63692941
1523533500000,467.22,462.52,472.58,457.87,24150.85864458
1523532600000,461,467.2,480.1,456,31466.07832303
1523531700000,448.59,461,467.77,448.59,29406.91979433
1523530800000,433.75,448.59,449.84,433.71,19127.07269813
1523529900000,429.77,433.74,434.13,429.76,3166.27038431
1523529000000,427.49,429.77,429.9,427.39,1339.86121094
1523528100000,425.78,427.5,427.5,425.30032161,1278.83774172
1523527200000,424.49,425.79,425.79,424.1,1672.261984
1523526300000,421.9,424.5,424.5,421.9,1743.61463603
1523525400000,421.99,421.9,422,421.42,729.62698789
1523524500000,422.43,421.99,422.44,421.12,946.05615553
1523523600000,423.11,422.43,423.51,422.43,1107.15344062
1523522700000,421.52,423.28409832,424,421.41,1320.15263647
1523521800000,422.53,421.53,422.53,421.35,1818.35161294
1523520900000,422.29,422.53,422.8,421.79,841.10841008
1523520000000,422.3,422.29,422.3,421.01,662.49514887
1523519100000,422.91,422.28,422.92,420.69,1372.8955035
1523518200000,418.16,422.92,422.92,417.81,2994.89714725
1523517300000,419.27,418.16,419.59,417.1,2143.01985919
1523516400000,416.25,419.27,419.69,413,9972.10290558
1523515500000,425.01,416.26,426.34,416.24,6176.41770339
1523514600000,430.83,425.02,430.83,425.01,3806.08893451
1523513700000,434.01,430.82,434.01936447,430,3157.85992605
1523512800000,434.01,434.01,434.29,434.01,401.1829775
1523511900000,434.68,434.01,434.72,434.01,287.68136571
1523511000000,434.69929683,434.67,435.21,433.94,1235.94992452
1523510100000,434.97,434.7,434.97,432.82,1532.81576393
1523509200000,437.01,434.88,437.01,434.68,1413.42546589
1523508300000,435.41,437.02342923,437.39,434.68,1847.02714086
1523507400000,433.97,435.41,436,433.86,1391.06699079
1523506500000,435.36,433.96,436.06,433.76,1494.04989156
1523505600000,436.92,435.36,436.99,435.26,880.27566092
1523504700000,435.06,436.85,438,435.06,2904.39203588
1523503800000,438.41,435,438.55069585,432.04,3239.21156255
1523502900000,437.76,438.49,438.49,436.39,2042.12362956
1523502000000,437,437.76,437.77,435.74,2916.57117562
1523501100000,432.85,437,439.68,432.84,4814.55901144
1523500200000,434.51,432.85,434.75,432.78,1762.63195733
1523499300000,432.63,434.52,434.72,432.63,1404.73230907
1523498400000,432.14,432.63,433.92,431.79,947.48231643
1523497500000,430.63,432.14,432.8,430.6,1776.0315019
1523496600000,430.68,430.63,431.34,430.56,726.30541028
1523495700000,431.67,430.68,432.6,430.65,1492.78521828
1523494800000,432.83,431.68,432.83,428.5,3157.85461807
1523493900000,432.01,432.83,433.76,430.37,1777.92701122
1523493000000,432.17762334,432.01,433.76,432,2090.69860449
1523492100000,431.79,432.18,432.8,430.87,1603.87401227
1523491200000,429.74,431.79,432.53,429.74,1993.3450564
1523490300000,429.85,429.74,433.16,429.51,7692.66033146
1523489400000,428.74,429.85,429.85,426.86,4491.00629336
1523488500000,424.79,428.74,429.2,424.38,7220.9127792
1523487600000,422.66,424.95,426.21,422.66,4726.17250014
1523486700000,422.23,422.67,423.1,422.07,858.04556839
1523485800000,421.65,422.23,422.91,421.65,1104.43869352
1523484900000,422.21,421.65,422.33,421.51,700.28885287
1523484000000,421.15,422.2,423,421,1020.83496295
1523483100000,421.04,421.15,421.37,420.60645582,530.6183115
1523482200000,420.72,421.04,421.21,420.34,300.58627879
1523481300000,420.00728877,420.72,420.73,420,1429.47946182
1523480400000,420.3,420,420.31,420,634.42646433
1523479500000,420.1,420.3,420.57757489,420,1082.67127592
1523478600000,420.74,420.09,421.79127108,420.09,548.67466796
1523477700000,422.41,420.73,422.41,420,1517.31421169
1523476800000,422.33,422.41,422.41,422.33,542.13569254
1523475900000,421.98,422.34,423.19,421.98,495.34545793
1523475000000,420.68,421.98,421.99,420.67,361.95365856
1523474100000,422.42,420.65,422.42,420.37,1174.59911587
1523473200000,421.44,422.42,423.26,420.9,1352.41086466
1523472300000,422.99,421.44,423,421.4,615.47350365
1523471400000,421,423,425.24,421,6728.17211336
1523470500000,419.85,421,421.01,419.12,1460.18409442
1523469600000,420.45,419.84,421.17,418.83,1520.98400702
1523468700000,420,420.45,420.82,419.45,1791.41014896
1523467800000,423,420,423,419.59,3106.63693922
1523466900000,421,422.99,423,420.99,1642.34806615
1523466000000,419.76,421,421.69,418.97,1742.69318609
1523465100000,419.62,419.76,420.8,418.48,2955.92919579
1523464200000,420.66,419.62,420.69,418.78,1702.08553075
1523463300000,419.99,420.66,420.9,419.56,1079.41950292
1523462400000,419.99,419.98,420,419.03,1162.6957602
1523461500000,420.74,419.99,420.9,419.1,2676.87597662
1523460600000,419.4,420.75,421.38,419.4,2577.62709245
1523459700000,422.64,419.43,422.65,419.31,3312.19184077
1523458800000,422.44,422.64,422.76,420.62,3032.0086476
1523457900000,422.29,422.42,423.66,422.28,4435.99095759
1523457000000,422.02,422.28,423.61,422.02,3854.17812494
1523456100000,420.91,422.02,422.08,420.24,2951.65504863
1523455200000,420.26,420.91,421.96,420.2,2718.93329388
1523454300000,423.06,420.26,424.4,420.02,3573.28823845
1523453400000,420.38,423.07,424.39,420.02,4159.30057467
1523452500000,419.08,420.32,421.95,418.86,4893.47563737
1523451600000,415.64,419.12,419.99,415.27,4272.67186669
1523450700000,415.3,415.64,415.6971795,414.86,575.6409003
1523449800000,414.3,415.3,415.71,413.63,1156.94355552
1523448900000,414.87,414.3,414.88,413.52191914,949.44707268
1523448000000,414.84,414.87,415.33,414.03,548.10009421
1523447100000,413.96,414.84,415.07,413.96,838.48785097
1523446200000,414.12,413.97,415.57,413.97,1105.69725114
1523445300000,413.53,414.12,414.3,413.53,2277.30799523
1523444400000,413.11,413.53,413.53,409.7,5735.17864417
1523443500000,415.46,413.1,415.46,413.1,2272.79507064
1523442600000,416.81,415.46,416.82,415,543.52802817
1523441700000,416.82,416.81,416.82,416.81,0.36
1523437200000,416.81,416.82,416.82,416.81,7.27296359
1523436300000,417.09,416.82,417.09,416.53,1686.40766372
1523435400000,416.07,417,417.18,416.06,783.49046049
1523434500000,415.56,416.07,416.5,414,888.04473425
1523433600000,416.49,415.57,417.19152082,415.19,920.07173652
1523432700000,416,416.49,416.5,415.59,382.63248792
1523431800000,416.66,416,416.66,415.61,496.5209084
1523430900000,417.64,416.72,417.64,416.72,785.14155088
1523430000000,416.85,417.64,417.64,416.77,617.85122493
1523429100000,417.4,416.84,417.41,416.5,1128.75769378
1523428200000,414.54,417.4,417.49,414.44,1161.30759154
1523427300000,415.09,414.59,416.76,414.59,1683.40127273
1523426400000,417.49,415.1,418.02,414.11,2073.6611418
1523425500000,419.15,417.49,419.15,417.49,1028.46500731
1523424600000,419.74,419.14,420.09,419.01,2422.18717201
1523423700000,417.32,419.74,419.75,417,2608.93509283
1523422800000,414.95,417.33,419.01,414.95,2878.06356738
1523421900000,413.13,414.46,414.46,412.71,716.4356201
1523421000000,412.86,413.14,413.58,412.71,332.02055491
1523420100000,412.86,412.86,412.87,412.86,76.22159895
1523419200000,413.16,412.87,413.17,412.7,546.23902418
1523418300000,413.16,413,413.17,412.7972974,437.59836776
1523417400000,413.13,413.16,413.68,412.12,1455.07401586
1523416500000,414.34,413.14,414.4,413.11,1439.1552859
1523415600000,415.47,414.34,415.47,413.84,3733.21802286
1523414700000,415.74,415.47,416.58,414.86,1181.14281051
1523413800000,416.85,415.74,417.05,415.41,1092.04611735
1523412900000,416.6,416.84,416.87,416.6,535.11917082
1523412000000,415.22,416.6,416.61,415.21,529.57737449
1523411100000,415.64,415.22,418.35,414.37,3255.34713434
1523410200000,415.08,415.63,415.64,414.77,1057.32535888
1523409300000,415.35695472,415.08,415.36,414.1,1300.26409967
1523408400000,417.96,415.35695472,419.05,414.3,2771.69334666
1523407500000,420.01,417.97,420.02,416.01,4265.63933528
1523406600000,417.19,420.01,420.4,417.18,3428.12381528
1523405700000,418.24,417.19,418.78,415.2,2170.80969671
1523404800000,415.12,418.24,418.99,415.11,2544.71525565
1523403900000,413.19,415.12,415.12,413.18,640.73626316
1523403000000,411.51,413.18,414.51,411.1,1056.73919469
1523402100000,411.49,411.5,412.19,411.1,727.41412256
1523401200000,410.45,411.49,411.5,409.77,952.95096275
1523400300000,415.01,410.44,415.02,408.18,4549.85157537
1523399400000,416.92,414.66,417.9,414.2,2861.29895011
1523398500000,413.8,416.92,416.98,413.79,2158.64668915
1523397600000,413.5,413.8,413.8,413.49,287.78889104
1523396700000,412.77,413.5,413.5,412.76,372.67567019
1523395800000,412.71,412.76,412.76,412.18,693.67211394
1523394900000,410.96,412.71,413,410.79,1071.87508142
1523394000000,411.07,410.97,411.16,410.93,509.82571506
1523393100000,409.46,411.06,411.07,409.46,655.80098031
1523392200000,409.48,409.47,409.69,408.81,947.26283673
1523391300000,408.83,409.5,409.99,408.82,1168.57430324
1523390400000,411.01,408.83,411.5,408.83,1786.21087386
1523389500000,410.84,411.01,411.02,410.01,853.50049905
1523388600000,409.81,410.87,411.81,409.8,970.7109415
1523387700000,409.88,409.8,409.88,409.79,278.06416605
1523386800000,410.88,409.87,411.1,409.78,969.65845479
1523385900000,410.02,410.88,411.14,409.59,1846.25975366
1523385000000,409.36,410.02,410.16,407.39,2075.66025548
1523384100000,411,409.65,411.01,408.51,1766.95075856
1523383200000,410.9,411,411.9,410.03,2797.47143847
1523382300000,410.15,410.89,411.16,410.07116897,772.1660139
1523381400000,409.11,410.15,411.62,409.11,3179.77681932
1523380500000,408.01,409.11,409.32,408.01,1582.92914288
1523379600000,406.75,408.01,409.27,406.69,1866.81966279
1523378700000,405.85,406.83,407.69,405.64,2289.85070264
1523377800000,405.98,405.84,406.82,405.32,1117.36419519
1523376900000,408.1,405.98,408.1,404.59,3619.75592892
1523376000000,405.87,408.09,408.67,405.82,4210.71580428
1523375100000,406.32,405.89,406.32,405.34,1386.18136296
1523374200000,407.12,406.32,407.25,404.22,3025.87597091
1523373300000,403.12,407.01025177,407.25707424,403.11,4363.63963291
1523372400000,400,403.12,404.58,400,4748.45899814
1523371500000,399.11,400.01,400.02,398.87,1115.67115196
1523370600000,398.3,399.2,399.44,398.2,801.91097624
1523369700000,400.01,398.29,400.01,398.19,1214.35823565
1523368800000,398.49,400,401.05,398.48,1627.2665403
1523367900000,398.48,398.49,398.5,397.85,603.77738365
1523367000000,397.91,398.51,398.64,397.86,878.20585298
1523366100000,397.99,397.86,398.50414143,397.50278156,732.23735369
1523365200000,397.19,398,398.4,397.18,1266.73525098
1523364300000,397.43,397.19,397.85,396.8,661.04867203
1523363400000,396.18,397.44,398.55,396.17999753,985.82239199
1523362500000,395.49,396.18,396.51,395.48,556.33332057
1523361600000,395.92,395.49,397.91,395.16,2755.9338899
1523360700000,395.42,395.92,396.1,395.29,1037.86325595
1523359800000,395.29092702,395.43,396,394.41,1242.20344063
1523358900000,393.39,395.28,395.29,393.39,991.70239097
1523358000000,393.2,393.39,393.4,391,2868.8043097
1523357100000,392.52,393.2,393.53,392.09,1125.6310358
1523356200000,393.88,392.52,393.89,391.85,1836.41025568
1523355300000,394.97,393.89,395,391.86,3417.75823027
1523354400000,397.17,394.97,397.38,394.27,1819.7385019
1523353500000,395.7,397,398.05,395.69,2502.94802143
1523352600000,394.91,395.7,395.85,394.51,2005.86354557
1523351700000,394.99,394.90877712,394.99,393.98,5063.07533892
1523350800000,394.89,394.99,394.99,393.93,4408.03584483
1523349900000,394,394.89,394.99,393.99,2972.37006769
1523349000000,395.27,394,395.9,392.72,7392.89243756
1523348100000,395.79,395.5,395.9,395.33,766.46655267
1523347200000,395.67,395.79,395.9,395.63,222.78503968
1523346300000,396.04,395.76,396.12,395.34,557.90707204
1523345400000,397.02,396.05,397.02,395.06,622.4803813
1523344500000,397.12,397.02,397.46,396.91,449.77267102
1523343600000,395.45,397.12,397.5,393.89,1940.9776706
1523342700000,398.64,395.14,398.82,395.06,1928.59358269
1523341800000,399.4,398.64,399.8,398.59,419.5228699
1523340900000,401.39,399.4,401.4,399.21,685.84818439
1523340000000,400.62,401.13,401.65,400.26,926.39725653
1523339100000,400.29,400.61,400.69,399.85,509.97643924
1523338200000,399.87,400.29,401.6,398.32,1443.5879293
1523337300000,400.48,399.87,400.49,398.6,981.3756387
1523336400000,400.12,400.48,400.88,400.12,813.30103491
1523335500000,400.55,400.11,400.6,400,788.2275554
1523334600000,401.16,400.55,401.16,398.7,1322.95839264
1523333700000,400.87,401.15,401.75,400.33,977.58489537
1523332800000,399.97,400.88,403.33,399.57,2568.31121613
1523331900000,398.84,399.9,400,398.83,1287.58640785
1523331000000,397.6,398.84,399.35,397.6,1333.23615207
1523330100000,397.49,397.61,398.01,396.98,611.40009832
1523329200000,396.89,397.49,397.5,396.88,579.42495199
1523328300000,398.28,396.86,398.28,396.86,279.14610304
1523327400000,398.39,398.28,398.39,396.71,644.31175582
1523326500000,397.25,398.39,398.64,397.25,507.14817006
1523325600000,396.64,397.25,397.49,396.63,526.03019632
1523324700000,396.75,396.64,396.97,395.8,346.09871508
1523323800000,395.54,396.75,396.75,394.64,585.74730791
1523322900000,396.48,395.54,396.49,395,361.7058424
1523322000000,397.76,396.49,397.76,395.46,793.02776636
1523321100000,397.89,397.75,397.89,397.38,186.637514
1523320200000,398.31,397.89,398.31,396.53,1005.78602706
1523319300000,397.72,398.3,400.14,397.72,1083.75311099
1523318400000,398.8,397.29,399.8,397.03,2462.37287109
1523317500000,395.26,398.82,398.84,395.25,2408.82592128
1523316600000,396.23,395.25,397.07,395.22,799.68540026
1523315700000,395.16,396.23,396.28,395.15,418.25133125
1523314800000,392.72,395.16,395.16,392.71,1018.77500556
1523313900000,394.75,392.72,395.14,391.9,2248.43478377
1523313000000,393.82,394.71,394.72,393.82,812.69330003
1523312100000,394.26,393.81,394.26,393.42,538.25754567
1523311200000,395.37,394.26,395.37,393.83,2238.79026175
1523310300000,395.97,395.61,395.98,395.05,578.82075213
1523309400000,392.99,395.97,395.98,392.93,2108.61587925
1523308500000,392.59,392.99,393,392,501.18627077
1523307600000,390.21,392.61618844,393.02,390.16,1402.69522645
1523306700000,390.99,390.19,391.11,389.8,906.9955592
1523305800000,389.8,390.89,391.13,389.01,1981.46775444
1523304900000,391.01,389.79427114,393.89,389.75,3244.67873353
1523304000000,394.06,391,394.3,390.4,3552.51713148
1523303100000,395,394.05,397.42,394.03,1969.31983809
1523302200000,396.63,394.99,398.56,391.46,6863.78219772
1523301300000,399.8,396.63,399.8,396.06,2640.83504083
1523300400000,400.1,399.62,400.5,399.3,901.75836296
1523299500000,401.64,400.1,402.15,400.01,1320.43303154
1523298600000,400.99,401.66,402.01847185,400.95,892.27714309
1523297700000,400.96,400.99,401.53,400.77,1192.62331417
1523296800000,398.43,400.96,401.07,397.48,1284.33450213
1523295900000,397.49,398.43,399.21,397.48,1096.69886988
1523295000000,396.47,397.48,398.1,396.46,532.28157187
1523294100000,396.88,396.47,397.39,396.46,1089.2675681
1523293200000,395.53,396.87,396.87,395.41,377.43714517
1523292300000,395.43,395.53,396.36,395,1261.41054407
1523291400000,396.45,395.44,396.57,395.43,348.30427312
1523290500000,397.32,396.45,398.04,396.12,947.79115019
1523289600000,396.9,397.16,398.11,394.3,2675.6131902
1523288700000,398.51015951,396.9,398.8,394.11,4450.66596166
1523287800000,395.66,398.45,398.52,395.32,1989.4369799
1523286900000,392.89,395.66,397,392.88,3941.32268221
1523286000000,393.59,392.89,393.98,392.75,1507.6285608
1523285100000,391.69,393.6,393.66,389.85,1674.06045786
1523284200000,389.79,391.69,392.35,389.79,1123.77771413
1523283300000,389.64,389.66,391.7,389.04,1231.11629705
1523282400000,392.47,389.64,392.48,387.27,10595.65911205
1523281500000,394.55,392.48,395.1,392.33,2602.50713866
1523280600000,395.96,394.55,396,392.01,4183.21351743
1523279700000,394.73992206,395.96,395.96,393.93,1938.03603613
1523278800000,395.06,394.73992206,395.09,393.26,1998.02018867
1523277900000,392.76,395.02,395.17,392,2645.73887598
1523277000000,396.03,392.42,397.15,392.42,4662.46162538
1523276100000,396.37828942,396.04,397.98,394.77,2018.65710285
1523275200000,394.9,396.37,399.46,394,5221.14956219
1523274300000,398.04,394.9,398.54,394,5633.98429896
1523273400000,399,397.97,399.58,395.81,4264.97992671
1523272500000,397.03,399,400.99,395.15,6660.38803882
1523271600000,402.57,397.03,402.76,396.43,11486.51518821
1523270700000,406.87,402.57,408.23,402.56,7538.77196659
1523269800000,405.01,406.87,409.8,404.65,8463.82638078
1523268900000,417.13,405,417.14,405,18462.70058109
1523268000000,420.17,417.14,420.67,417.03,3544.62544163
1523267100000,419.82,420.17,423.75,419.82,9570.64728311
1523266200000,420.91,419.81240412,422.8,416.97,9743.80237518
1523265300000,426.52,420.91,426.7,418.82,9095.33315925
1523264400000,429.4,426.52,430.73,426.25,9270.0778553
1523263500000,424.8,429.4,429.4,424.8,6808.15535567
1523262600000,423.99,424.81,425,423.9,1587.74734811
1523261700000,423.36,423.99,425.59,422.14,7791.29203089
1523260800000,419.06,423.35,424.73,419.06,11820.31990284
1523259900000,416.86,419.06,419.07,416.86,4725.42960955
1523259000000,416.99,416.86,417.49,416.58,3086.7763104
1523258100000,414.95,416.99,417,414.94,5343.83108778
1523257200000,411.55,414.95,415,411.02,4341.91097548
1523256300000,413.34,411.55,413.77,411.02,1874.12641147
1523255400000,410.93,413.34,413.68,409.98,2536.90137042
1523254500000,410,410.93,411.6,409.09,3406.10737026
1523253600000,412.96,410,412.99,408.99,5385.06366122
1523252700000,412.33,412.96,413.3,412.14,1400.74876898
1523251800000,412.58,412.33,412.71,412.15,1252.5588093
1523250900000,410.35,412.58,412.59,409.34,2442.05665134
1523250000000,411.21,410.34,411.35,408.7,2866.34900075
1523249100000,410.35,410.69,412.99,407.16,3834.36311815
1523248200000,412.73,410.36,413.11,410,2472.07761913
1523247300000,410.65,412.74,413.43,410.48,1755.94303331
1523246400000,411.5,410.9,411.5,410.03,770.19786187
1523245500000,409.64,411.5,411.5,409.36,692.73306449
1523244600000,409.64,409.63,410.51,408.37,849.71868959
1523243700000,406.42,409.65,409.65,406,2175.78000238
1523242800000,408.29,406.42,409.78,406.01,2840.28710203
1523241900000,410.44,408.29,411.13,407.23,6016.98865024
1523241000000,411.66904965,410.48,412.36,410.05,2737.01662293
1523240100000,410.18,411.66904965,414,410.17,4216.51921733
1523239200000,410.59,410.17,413,409.77,4294.3796951
1523238300000,411.29,410.59,412.37,409.86,1914.50531487
1523237400000,410.19,411.3,413,409.62,4174.16519623
1523236500000,408.86,410.19,410.86,408.18,2107.83903852
1523235600000,407.09,408.63,410,407.09,2210.09804644
1523234700000,409.49,407.09,410,407.02,3193.92657026
1523233800000,405.03,409.47,409.77,405.03,4977.97480299
1523232900000,404,405.11,407.63,404,3472.39155288
1523232000000,400.34,404,404.39,400.33,2849.09784383
1523231100000,399.91,400.33,400.95,398,3046.38043878
1523230200000,399.83,399.95,400.56209768,398.98,2670.94363238
1523229300000,400.2,399.67,400.84,398,3556.26890025
1523228400000,400,400.2,401.02,398.16,3465.52303658
1523227500000,400.95,400,402.24,399,7060.63682477
1523226600000,399.57,401.61,402,398.99,3038.42347154
1523225700000,400.04,399.57,401.26,398.96,4093.84915808
1523224800000,397.82,400.02,401.25,397.81,5045.40398112
1523223900000,397.55,397.89,397.99,396.09,4485.97933336
1523223000000,397.08,397.55,397.99,396.25,1742.37567182
1523222100000,397,397.09,397.62,396,2968.75721791
1523221200000,396.87,397,397.99,396,2565.54212663
1523220300000,397.07,396.89,397.97,394.78,4803.72424482
1523219400000,398.07,397.07,400,397,1614.41164852
1523218500000,398.76,398.08,398.76,397.51,301.58530053
1523217600000,399.17,398.75,399.2,397.96,444.85102982
1523216700000,399.06,399.16,399.18,397.4,715.41675705
1523215800000,398.7,399.05,399.06,398.7,168.53717534
1523214900000,398.64,398.7,399,398.13,540.87565951
1523214000000,398.58,398.63,398.64,398.12,598.28389442
1523213100000,398.16,398.59,398.59,397.62,1259.80110377
1523212200000,397.83,398.16,398.59,397.28,919.21794195
1523211300000,395.29,397.84,398.43,395.27,1710.30584005
1523210400000,396.81,395.3,396.98,395.28,795.14362636
1523209500000,396.99,396.81,397.1,394.64,2082.25692798
1523208600000,397.01,397.23,398.59,396.09,2011.26372315
1523207700000,396.21,397.01,397.26,396.21,490.24125027
1523206800000,397.61,396.22,397.61,396,1209.84628979
1523205900000,398.3,397.6,398.31,397.6,785.46636277
1523205000000,398.15,398.3,399,398.15,693.76129169
1523204100000,398.94,398.15,398.95,397.51,1758.1464807
1523203200000,401.11,398.95,401.4,398.13,2873.64894287
1523202300000,402.71,401.21,402.88,401.1,1007.57887638
1523201400000,402.01,402.7,404.4,401.68,2985.92630159
1523200500000,398.55,402.01,402.02,398.54,2179.28181084
1523199600000,398.07,398.54,398.78,398.06,545.0217499
1523198700000,399.5,398.07,399.5,397.51,1564.97595912
1523197800000,400.06,399.5,400.06,399.5,743.61747067
1523196900000,401.02,400.05,401.02,400.01,689.28461208
1523196000000,400.76,401.01,401.12,400.75,365.97455346
1523195100000,401.32,400.75,401.34,400.75,782.93740842
1523194200000,400.48,401.32,402.2,400.47,1090.65387453
1523193300000,401,400.47,401,399.97,988.31243624
1523192400000,403.56,401,404.1,400.94374383,1450.63126945
1523191500000,401.97,403.56,403.57,401.97,1272.95994423
1523190600000,402.69,401.97,403.57,401.26,1626.61633498
1523189700000,401.99,402.69,403.06,401.84,1725.77380973
1523188800000,400.96,401.99,404,398.4,5032.31843095
1523187900000,394.07,400.96,401,394.07,7519.82431259
1523187000000,393.32,394.07,394.07,393.32,601.20179067
1523186100000,393.34,393.33,393.35,392.98,185.93332303
1523185200000,392.51,393.39,393.74,392,822.309195
1523184300000,393.93,392.59,393.93,392.53061886,438.51630041
1523183400000,393.49,393.93,393.96,393.49,508.72649915
1523182500000,392.74,393.5,393.5,392.73,339.54634975
1523181600000,392.68,392.74,392.77625755,392.37,296.62834857
1523180700000,392.22,392.68,393.81,392.13,1362.56655831
1523179800000,392.59,392.22,392.6,391.94,347.09977745
1523178900000,392.44,392.6,393.96,392.13,1521.80771176
1523178000000,391.4,392.45,392.56746466,391.4,897.57153815
1523177100000,390.7,391.4,391.81,390.7,548.53739277
1523176200000,390.22,390.7,391.73,390.22,487.8830097
1523175300000,391.09,390.22,391.15,390.21,393.09781292
1523174400000,389.82,391.09,391.16,389.82,570.71511657
1523173500000,389.95,389.82,390,389.74,231.6978678
1523172600000,389.75,389.95,389.96,389.74,201.11268371
1523171700000,388.85,389.75,389.88,388.85,734.51150722
1523170800000,387.35,388.85,388.91,387.34,671.65626995
1523169900000,386.14,387.35,387.93,386,579.36572495
1523169000000,388.32,386.14,388.32,386.13,607.74720675
1523168100000,388.28,388.32,388.41,388.28,199.50573465
1523167200000,388.43,388.29,388.44,387.32,603.09407177
1523166300000,387.01,388.43,388.88,387,429.51840485
1523165400000,389.72,387.01,390.24,386.24,2055.2502071
1523164500000,391.78,389.5,391.79,389.49,709.79171256
1523163600000,389.37,391.78,392.73,389.36187982,2135.73204613
1523162700000,390.75,389.37,390.76,389.36,417.97523384
1523161800000,389.68,390.76,391,389.67,873.9310472
1523160900000,388.21,389.68,390.21,388.21,922.51775746
1523160000000,389.28,388.22,389.28,388.21,377.179142
1523159100000,387.57,389.29,389.42,387.57,471.11439841
1523158200000,386.5,387.57,388,386.5,709.82960221
1523157300000,385.57,386.5,386.85,385.57,481.46025744
1523156400000,386.17,385.58,386.18,385.58,178.22533746
1523155500000,387.06,386.17,387.1,386.02,453.78952887
1523154600000,386.06,387.06,387.07,386.05,548.38862666
1523153700000,385.55,386.11,387.26,385.24,637.34207614
1523152800000,386.04,385.55,386.42,385.55,786.53692589
1523151900000,385.69,385.94,386.93,385.68,439.51713946
1523151000000,385.64,385.69,386.3,385.43,261.42762155
1523150100000,386.47,385.64,386.47,384.81,1136.4578757
1523149200000,386.81,386.47,388.46,386,1656.19360831
1523148300000,387.73,386.82,388.28,386.79,1087.41225308
1523147400000,386.98,387.73,388.35,386.19,1283.27636538
1523146500000,386.06,386.98,389.7,386.06,2243.13900598
1523145600000,384.26,386.06,386.07,384.25,432.18512284
