1524045600000,8094.1,8093.2,8102.7,8082.4,309.68306111
1524042000000,8085.7,8094.9,8111.44368944,8083,682.43954855
1524038400000,8115.2,8085.6,8130,8077.8,1111.29659277
1524034800000,8140,8115,8168.8,8102,2091.56565995
1524031200000,7920.5,8140.1,8160,7873,4340.2267543
1524027600000,7917.1,7920.5,7953,7911,551.82906317
1524024000000,7947.9,7917.2,7951.2,7911.57799577,421.85513465
1524020400000,7907.2,7948,7950.4,7899,653.51500251
1524016800000,7936.5,7907.3,7955,7893.1,481.62313086
1524013200000,7913.6,7936.5,7959.8,7913.5,781.36086049
1524009600000,7888.9,7913.5,7930,7870.5,731.75108457
1524006000000,7904,7888.9,7904,7831,818.24911682
1524002400000,7908.7,7904,7909,7877,721.71513337
1523998800000,7910,7908.4,7931.7,7888.2,878.17559161
1523995200000,7879,7909.9,7940,7823,2233.54266209
1523991600000,7938.3,7879,7944.16026062,7850,4224.28818692
1523988000000,8099.5,7938.3,8099.7,7917.6,3220.24623634
1523984400000,8120,8099.9,8131.44404765,8085.58399867,804.56170808
1523980800000,8085.2,8120.1,8138,8083.89228151,836.26542143
1523977200000,8111.1,8085.3,8113,8070,367.00804935
1523973600000,8095.1,8111.1,8128.6,8071.6,836.56907292
1523970000000,8093,8095.2,8117,8024.36630547,1073.82758166
1523966400000,8115.8,8093,8151,8081.33871933,1134.13265275
1523962800000,8089,8116,8120,8085.8,528.95839254
1523959200000,8142.6,8089.8,8150,8076.8,1066.10469616
1523955600000,8134,8142.6,8172.2,8132.6,800.68357408
1523952000000,8126,8137.9,8164.1,8125.4,1263.26475154
1523948400000,8018.9,8126,8185,8015.4,3451.17853596
1523944800000,7974.78395501,8018.9,8041.6,7974,775.91583089
1523941200000,8018.95313329,7974.7,8025.1,7970.4,512.20445109
1523937600000,8039.3,8020,8040,7993.9,385.54258831
1523934000000,8037.7,8039,8046.3,8010.96590801,498.28646088
1523930400000,8038.6,8034.8,8048.9,7967,641.08057036
1523926800000,8042,8038.6,8059.4,8015.8,591.20134396
1523923200000,8056.2,8042.59652479,8073,8010.26920815,575.52929077
1523919600000,8017.5,8056.2,8078,8017.5,709.84318912
1523916000000,8023.7,8017.81957924,8028.9,7956,568.17087898
1523912400000,7982.5,8023.7,8024.9,7982.4,493.35175151
1523908800000,7984.4,7982.4,7997.9992621,7931,814.82245139
1523905200000,8018.2,7984.4,8046.1,7963.3,1116.24688887
1523901600000,8029.5,8018.3,8029.5,8002.16911513,902.45176842
1523898000000,7961.8,8029.4,8058,7961.7,1323.05604339
1523894400000,7973.4,7961.8,7976.08523936,7936.4,720.03067991
1523890800000,7969.4,7973.3,8000.3,7960.1,840.10962684
1523887200000,7964.2,7968.2,8000,7917.3,1251.99519241
1523883600000,7948.1,7964.2,7969,7900.3,2753.51935461
1523880000000,8079.6,7948,8080,7905,3430.54005234
1523876400000,8070,8079.2,8098.4,8015,974.25814182
1523872800000,8094.9,8070,8126.6,8041.9,1146.54321914
1523869200000,8125.7,8094.9,8142.7,8034,1920.13094373
1523865600000,8111.4,8125.6,8135.69342696,8086.6,713.84508554
1523862000000,8090.52454674,8111.62273247,8122.10673852,8070,610.68457578
1523858400000,8045.7,8090.52454674,8104,8022,1356.73395421
1523854800000,8137.9,8045.7,8137.9,8010,1899.40738224
1523851200000,8149,8137.9,8152.9,8121,771.81278781
1523847600000,8131,8149,8176.1,8065,1986.30444866
1523844000000,8330,8131,8349,7999,8131.27146564
1523840400000,8383.3,8330,8415,8305,1903.11993158
1523836800000,8357.4,8383.3,8415.5,8334.8,1219.74072284
1523833200000,8339,8357.5,8380.2225268,8315.06447325,630.11367535
1523829600000,8298,8339.1,8365.6,8289.93425054,609.23704446
1523826000000,8285.6,8298,8298,8276.9,652.8056143
1523822400000,8303.28651706,8285.6,8327.96562694,8275.27572736,858.96142073
1523818800000,8322.2,8303.28651706,8322.2,8271,597.65135713
1523815200000,8289.3,8322.1,8365.2,8282.6,1078.08077611
1523811600000,8276.3,8289.2,8317.3,8248,846.6974542
1523808000000,8280.4,8276.4,8310,8265,602.8889446
1523804400000,8335.3,8280.4,8335.3,8253,1488.01670268
1523800800000,8350,8335.3,8372.5,8322,867.93097834
1523797200000,8341.5,8350,8392.13131261,8330,1149.5759827
1523793600000,8340,8341.6,8355.5,8301.7,1917.48435707
1523790000000,8120.8,8340,8458.8,8120.7,8742.44840111
1523786400000,8116.8,8120.8,8140,8115,491.11965205
1523782800000,8134.1,8116.9,8136.5,8064.13762715,1024.99178276
1523779200000,8078.70661721,8133.8,8180,8078.70661721,1231.48122881
1523775600000,8113.5,8077.5,8114,8071,632.69049754
1523772000000,8129.4,8113.49496733,8140.40439189,8085.6,798.28574586
1523768400000,8110,8129.5,8129.5,8031,871.92530017
1523764800000,8089.8,8110,8169,8089.8,989.22095721
1523761200000,8094.6,8089.81221665,8105,8080,360.73644595
1523757600000,8107.2,8094.7,8129.29879245,8071,748.23768974
1523754000000,8060.2,8107.2,8127.7,8035,1109.78312521
1523750400000,8007.13719858,8060.2,8160,7997.2,3602.99829046
1523746800000,8054,8005.90324308,8054.1,7955.1,1118.50558369
1523743200000,8047.3,8053.4,8082,8037.2,495.08799371
1523739600000,8073.6,8047.3,8088,8030,574.42788699
1523736000000,8019.8,8073.5,8080,8010,824.41393579
1523732400000,8031.4,8019.8,8040,7983.6,643.80560674
1523728800000,7981.1,8031.6,8043,7952.3,1167.68639931
1523725200000,7998.3,7981.2,7998.3,7938.1,482.60319392
1523721600000,7956.4,7998.3,7999.7,7921.9,1109.33514535
1523718000000,7979.9,7956.3,7999.7,7956.3,1055.4764816
1523714400000,7966.9,7979.9,7989.6,7928.9,577.97986607
1523710800000,7900.2,7965.4,7984,7895.1,940.61169556
1523707200000,7973.6,7900.2,7990,7859,1993.84745743
1523703600000,7949.5,7973.57360915,8014.1,7931.86591346,825.44239794
1523700000000,8036,7946.9,8050.8,7920,1101.27546475
1523696400000,8110.8,8035.2,8122,7953,3132.26949575
1523692800000,8138.1,8110.8,8177.1,8079,1239.34610562
1523689200000,8013.5,8136.9,8185,7990.3,2355.50373532
1523685600000,7958.8,8013.4,8020,7956,526.46971187
1523682000000,7967.6,7956.2,8036,7955,609.01676755
1523678400000,8042,7965.1,8042.55172124,7957.9,1485.72552207
1523674800000,8037.1,8042.1,8059,8001,505.24073548
1523671200000,8050,8037.1,8081.2,8004.66928759,740.31356108
1523667600000,7924,8047.9,8086,7911.3,1924.00553004
1523664000000,7889.2,7922.7,7931.5,7820.5,1092.0814105
1523660400000,7920.6,7886.9,7967.6,7850.1,2575.16475462
1523656800000,7887.6,7920.7,7926,7821,3416.72865498
1523653200000,7908.9,7887.6,7932.5,7843,2461.44302751
1523649600000,8099.7,7909,8103.3,7850,5580.2297701
1523646000000,8115.7,8099.6,8132,8050,678.72350544
1523642400000,8118.9,8115.6,8121.64826839,8076.1,569.23641687
1523638800000,8117.7,8118.9,8164.1,8049.8,2247.78062469
1523635200000,8129,8117.7,8161,8083.8,1068.21897308
1523631600000,8099.8,8128.9,8137.1,8068.5,1138.49108681
1523628000000,8098.8,8100,8124.3,8020.9,3103.96974682
1523624400000,8190,8098.7,8208,8015,4344.26247087
1523620800000,8083.6,8189.9,8240,8082,2823.1945419
1523617200000,8063.4,8082.7,8147.9,8060.7,2136.91100967
1523613600000,8050.96487594,8063.4,8100.2,8012.6,2108.62280322
1523610000000,8135.1,8045,8162.5,8044,3565.68261265
1523606400000,8102.1,8135.2,8164.5,8044,3102.72604168
1523602800000,7827.2,8096,8225.52702109,7827.2,8087.48503604
1523599200000,7795.1,7827.2,7885,7790,1511.4626393
1523595600000,7825,7795.1,7834.6,7761.3,825.06672292
1523592000000,7823.8,7822.8,7852.6,7794.6,852.32056203
1523588400000,7885.5,7823.8,7910.3,7823.09855197,940.16640986
1523584800000,7796.2,7885.3,7905,7796.2,1757.87322567
1523581200000,7898.9,7796.3,7899.7,7739.1,2190.78688972
1523577600000,7911.9,7897.6,8000,7814.03976581,2816.51089416
1523574000000,7873.4,7912,7980,7834,2936.72449953
1523570400000,7835.9,7873.6,7873.6,7749.8,1779.77212746
1523566800000,7730.9,7835.9,7909,7713,3259.69310332
1523563200000,7689.9,7730.9,7762,7686,1091.32662094
1523559600000,7689.3,7689.8,7794.30609635,7681.4,1209.73737974
1523556000000,7694.9,7689.1,7729.2,7653.6,1177.96008959
1523552400000,7650,7694.8,7800,7648.9,4123.75969278
1523548800000,7640.2,7650,7655,7600,2779.39308013
1523545200000,7665.8,7639.2,7678.84853576,7616,2353.00104444
1523541600000,7695.9,7665,7740,7610,2841.60915058
1523538000000,7712.9,7695,7756.0028705,7640,4874.86824026
1523534400000,7769.5,7712.8,7835,7666,9847.39790067
1523530800000,6941.1,7769.2,8087,6941.1,38468.26241269
1523527200000,6851.4,6941.1,6965,6840.7,2504.40156691
1523523600000,6840.9,6853,6869.07779607,6824,1198.17890923
1523520000000,6828.3,6841,6854,6815.6,960.49081782
1523516400000,6776.1,6828.5,6843.8,6753,2610.66858547
1523512800000,6940.1,6776.2,6950.7,6761,3170.48621997
1523509200000,6964.9,6940.1,6964.9,6925.67184488,851.93236756
1523505600000,6950,6964.9,6965,6937,1193.3840311
1523502000000,6950,6949.3,6955,6932.4,815.67638562
1523498400000,6930.7,6950,6950,6925,953.95125199
1523494800000,6927.5,6930.6,6938.2,6888.1,1871.09046979
1523491200000,6943.1,6927.6,6960,6920.5,1705.07979557
1523487600000,6925.2,6943.1,6975.5,6920.1,3998.09957368
1523484000000,6905.06036978,6925.1,6931.04715612,6903.3,792.5880985
1523480400000,6890,6905.06036978,6905.06036978,6879.1,335.33953221
1523476800000,6912.9,6888.4,6924.9,6877.7,893.09703484
1523473200000,6903.4,6913,6918,6893.8,679.13123142
1523469600000,6904.4,6903.18041341,6915,6890,854.89874563
1523466000000,6918.3,6904.5,6918.5,6862.8,1345.32039052
1523462400000,6929.8,6918.3,6930,6895.1,1788.74551947
1523458800000,6927.1,6929.9,6941.6,6909,984.86516161
1523455200000,6937.9,6927.1,6960,6927,1771.44498614
1523451600000,6855,6940,7017.4,6855,5990.53897897
1523448000000,6850.2,6855,6866.8,6840.2,751.25285766
1523444400000,6827.2,6850.8,6867,6800,1422.14371855
1523440800000,6857,6827.2,6857,6825,452.45952374
1523437200000,6856.79517887,6857,6857,6856.7,2.840203
1523433600000,6841.7,6856.7,6862,6831,375.20704693
1523430000000,6840.1,6841.6,6858,6830.7,520.71839331
1523426400000,6816.7,6840,6850.1,6794,1126.41338028
1523422800000,6832,6816.7,6884,6805,1392.73261853
1523419200000,6827.6,6832.1,6833.1,6817.09702709,409.97563691
1523415600000,6839.5,6827.6,6844.3,6809.3,1219.71625558
1523412000000,6840,6839,6854.8,6833.1,546.7089544
1523408400000,6858.4,6840,6863.8,6835,686.05288683
1523404800000,6836.1,6858.4,6884,6831,1202.9226318
1523401200000,6799.7,6837.1,6840.4,6790,887.48423227
1523397600000,6860.5,6799.7,6897.4,6777,2789.42950048
1523394000000,6841.8,6860.6,6875,6833.3,721.04538441
1523390400000,6840.1,6841.8,6849,6806,974.8681992
1523386800000,6837,6841,6847.1,6820,440.73538863
1523383200000,6859.5,6834.83835702,6871.4,6820,1181.10068744
1523379600000,6834.1,6859.4,6888.9,6820,1850.32326242
1523376000000,6815.5,6834,6842.4724776,6801,1270.48925305
1523372400000,6754.9,6815.5,6851,6754.9,3767.36150777
1523368800000,6755,6753.9,6760,6734,657.89895926
1523365200000,6754.9,6754.98146948,6777.4,6748.3,1161.88530758
1523361600000,6735.2,6754.9,6761,6719,810.22268114
1523358000000,6720.2,6735.3,6741.3,6696.1,645.00908391
1523354400000,6777.4,6720.3,6777.5,6700,782.25855985
1523350800000,6728.3,6777.5,6777.9,6722.3,677.70107494
1523347200000,6718.6,6734,6746.17850099,6650,1622.18626712
1523343600000,6700,6718.7,6736.1,6688,864.3686236
1523340000000,6758,6699.9,6773,6668.4,913.5383722
1523336400000,6768.1,6758,6797.9,6725.9,815.49541735
1523332800000,6795,6768.1,6809,6755.1,856.75152488
1523329200000,6746.9,6794.9,6809.3,6742.4,772.14839023
1523325600000,6725.1,6746.9,6767,6725,557.27081199
1523322000000,6761.1,6725.1,6761.1,6711.6,619.42707066
1523318400000,6770.1,6761,6780,6743.64298433,513.80731159
1523314800000,6690.9,6770.1,6800,6690.7,1333.25921991
1523311200000,6716.5,6691,6716.5,6688.2,499.12247488
1523307600000,6666.7,6716.4,6731,6662,1286.84931875
1523304000000,6673.7,6666.7,6686,6611,6276.77450782
1523300400000,6740.7,6675,6745.7,6627.8,5220.38929772
1523296800000,6733.4,6740.7,6756.5,6727.8,722.44650478
1523293200000,6736.6,6733.41507446,6741.7,6704,581.13816536
1523289600000,6727.6,6737.7,6745.7,6704.6,1549.52088353
1523286000000,6730,6725,6779.3,6711,2216.97530908
1523282400000,6730.7,6730,6738,6671.1,2454.04520293
1523278800000,6737.8,6730.7,6755,6712,1068.75899495
1523275200000,6739.8,6737.7,6783.9,6680,3749.72687109
1523271600000,6781,6739.8,6787.3,6700,5607.68009386
1523268000000,7072.5,6782,7072.5,6759,16830.65034174
1523264400000,7179,7070.4,7189,7067.9,2599.26910347
1523260800000,7128.4,7179,7186.5,7125.99407396,1732.72712455
1523257200000,7121.7,7128.45199134,7151.3,7114,655.95954545
1523253600000,7109.9,7121.6,7135.1,7092,1585.7906893
1523250000000,7150,7109.5,7155,7106,1100.44755473
1523246400000,7125.4,7150,7164,7101,3237.05438306
1523242800000,7117.9,7126,7135.2,7055.67589791,2962.08795732
1523239200000,7124,7117.9,7170.8,7108,2455.87264682
1523235600000,7059.1,7124.1,7145,7058.7,6473.9522884
1523232000000,7023.9,7058.7,7111,7023.9,3766.11557035
1523228400000,7027,7023.9,7040.94844779,6981,1257.76843229
1523224800000,7000,7027,7057.9,7000,2464.97659243
1523221200000,6955,6999.9,7000,6955,2228.14053078
1523217600000,6994.4,6955,6994.4,6952,1216.36271407
1523214000000,7003.7,6995,7014.1,6968,828.86534136
1523210400000,6998.8,7003.8,7029,6958.2,3506.12197779
1523206800000,6986.8,6998.8,7004,6943.5,1023.97631986
1523203200000,7040.3,6986.9,7040.3,6978.4,1509.42487975
1523199600000,7031.9,7040,7073,7031.1,1006.82287106
1523196000000,7057.1,7032.9,7074.2,7014.8,1161.73474903
1523192400000,7081.6,7057,7085,7052.8,871.86543034
1523188800000,7104.5,7081,7115,7061,2217.45769108
1523185200000,6988.6,7104.6,7127,6979,2100.81759824
1523181600000,6991.3,6988.5493206,7015,6985,574.68847131
1523178000000,6959.9,6991.3,7035,6957.71575674,1257.0502191
1523174400000,6937.2,6959.9,6974.9,6930,406.36666751
1523170800000,6924,6938.3,6967.2,6921,632.88280878
1523167200000,6945.5,6924.9,6951.3,6895,630.59558644
1523163600000,6967.8,6945.5,7009.2,6920.3,760.99013765
1523160000000,6966.3,6966.8,6998.9,6954,881.12585382
1523156400000,6941.3,6970,6970,6923.1,463.66048574
1523152800000,6939,6941.3,6977,6919.1,474.82594883
1523149200000,6954.7,6938.5,6989,6911.87663857,752.4018011
1523145600000,6892.62150518,6954.7,6974.7,6883,1097.37338417
1523142000000,6932.7,6892.6,6942,6856,1532.56657857
1523138400000,6972.5,6932.7,6982,6906,856.65317668
1523134800000,7005.3,6972.5,7005.32799594,6951.1,653.84202988
1523131200000,6990.5,7005.3,7012.6,6980,450.48768436
1523127600000,6992.8,6990.4,6996,6969.997691,590.04239748
1523124000000,7005.3,6993,7016.5,6965,1866.85796367
1523120400000,7034.2,7005,7034.2,6981,1263.29433463
1523116800000,7003.7,7034.47784585,7080,6984.5,3548.44138827
1523113200000,6862.2,7003.8,7039,6859.1,6306.16695262
1523109600000,6846,6862.3,6879.8,6846,1010.80728552
1523106000000,6876,6846,6879.1,6782.8,2258.95989049
1523102400000,6860.8,6876,6890,6860.68847611,604.07196956
1523098800000,6865.4,6860.8,6873.2,6843,451.81589773
1523095200000,6854.2,6865.4,6886,6843.4,715.12786278
1523091600000,6883.1,6854.2,6883.1,6838,1741.83254399
1523088000000,6866,6882.2,6950,6863.3,2459.25668752
1523084400000,6872.9,6865.1,6877.3,6835.1,696.82654537
1523080800000,6845.2,6871.5,6901,6843.9,1148.93710436
1523077200000,6846.9,6846.1,6917,6830,1653.38087295
1523073600000,6858.7,6846.9,6865,6826.4,556.84520401
1523070000000,6830.5,6859,6872,6818.4,897.21456674
1523066400000,6847.1,6830.5,6858.5,6814.6,1009.08378108
1523062800000,6634.6,6847,6900,6634.6,7626.14605481
1523059200000,6610.3,6634.6,6640,6599.9,705.65114902
1523055600000,6529.8,6610,6620,6520.1,1487.64716106
1523052000000,6602.1,6529.8,6613,6528,1301.38056819
1523048400000,6598.9,6602.2,6640,6596,974.79677206
1523044800000,6621.2,6593.3,6622.7,6570,1293.79192435
1523041200000,6593.5,6621.8,6624.5,6566.6,856.7970354
1523037600000,6606.9,6593.6,6630,6575.3,1010.93918964
1523034000000,6599.9,6609.3,6638.77235566,6581.1,1337.7084324
1523030400000,6588.2,6600,6660,6580,1857.5515101
1523026800000,6591,6587.23050703,6605,6560,910.12416497
1523023200000,6615.4,6590.9,6632,6585.1,1046.01991898
1523019600000,6604.2,6615.3,6640.1,6570,959.98772381
1523016000000,6609.8,6604.1,6614.0946614,6550,1171.49352922
1523012400000,6502.1,6609.8,6660,6500.2,2921.06280517
1523008800000,6575.4,6502.2,6593.6,6501,1495.11565792
1523005200000,6594.4,6575.3,6599,6545.8,955.09623542
1523001600000,6619.3,6594.6,6619.4,6564,1582.04759996
1522998000000,6577.1,6619.4,6671.07033639,6560.1,4381.50015331
1522994400000,6760,6578.3,6760.2,6501,8770.82102232
1522990800000,6786.4,6760,6864,6750,1788.33391319
1522987200000,6756.3,6786.4,6805,6746.6,1183.02780813
1522983600000,6765,6755,6781.7,6734.1,858.89198055
1522980000000,6792.1,6765,6820,6716.2,2040.8075711
1522976400000,6799,6792.1,6826.8,6750.9,1085.7434967
1522972800000,6770.4,6799.1,6845.4,6761,871.94483396
1522969200000,6823.20418315,6769,6850.9,6757.1,1134.15133989
1522965600000,6719.7,6823.20418315,6836.7,6719.6,1351.26695721
1522962000000,6749.6,6719.6,6749.9,6681,1041.44079308
1522958400000,6763.1,6749.5,6786.4,6730.2,734.69953427
1522954800000,6700.9,6763.1,6810,6694,1543.36622301
1522951200000,6692.6,6694.7,6761.8,6671.2,1084.14840121
1522947600000,6706.4,6692,6791.2,6666,1664.69364339
1522944000000,6739,6706.5,6763.9,6657,2059.73136449
1522940400000,6758,6739,6779.3,6700,1891.29163276
1522936800000,6836.9,6758.1,6912.8,6745.8,3002.09511934
1522933200000,6655.9,6836.8,6867.9,6621,3378.41480336
1522929600000,6781.8,6656,6787,6610.6,3696.09775628
1522926000000,6788.1,6781.8,6813,6752.9,1066.92750169
1522922400000,6842,6786.5,6842.1,6752.3,1551.58730286
1522918800000,6860,6842,6893.9,6829.2,1254.85450053
1522915200000,6788,6859.9,6938,6773.40430098,3103.1689831
1522911600000,6740.1,6788,6824.1,6703.4,1424.18816752
1522908000000,6848.9,6740.2,6865.5,6726.1,1555.0237402
1522904400000,6781.3,6849,6865.6,6760.6,1534.21571042
1522900800000,6762.6,6781,6870.8,6745,2080.2705768
1522897200000,6607,6763.3,6795,6587.6,2417.84610655
1522893600000,6608,6607,6652.9,6587.5,1865.16448635
1522890000000,6695,6606.79844228,6707.9,6564.9,3661.70983085
1522886400000,6785.9,6695,6819.91932173,6681.1,1755.6963492
1522882800000,6748.9,6786,6832.6,6709,1482.78239281
1522879200000,6816.3,6749,6820.2,6670,2184.32291886
1522875600000,6826.2,6816.3,6855.2,6754.7,1291.74478284
1522872000000,6855.5,6826.2,6899,6826.2,1001.72805558
1522868400000,6843.3,6855.6,6882.7,6763.4,1598.982067
1522864800000,6839.9,6845.4,6857.9,6725,3039.69121213
1522861200000,6887.6,6840,6887.8,6810.1,1348.15472736
1522857600000,6789,6885.3,6909.4,6789,2303.39223194
1522854000000,6869.4,6789,6910,6750,3793.74683223
1522850400000,7072.9,6869.4,7073.1,6840,6409.09272071
1522846800000,7061.2,7074.5,7110.2,7052.4,1312.99824029
1522843200000,7066.4,7061.2,7082.5,7010,1267.19580517
1522839600000,7099,7067.3,7103,7001,2001.8694136
1522836000000,7089.5,7099,7168,7029,3286.68068072
1522832400000,7310,7089.5,7310.1,7000.2,8479.58250277
1522828800000,7316.8,7310,7347.8,7281.9,1083.98017661
1522825200000,7347.9,7316.8,7384.44692145,7315.6,974.34087145
1522821600000,7358.7,7347.8,7377.81793362,7333.3,549.40081625
1522818000000,7307.7,7358.8,7395,7305.61191654,2179.39778664
1522814400000,7292,7307.6,7320.2,7269.5,1595.44306744
1522810800000,7283.7,7291.9,7345.7,7269.3,1095.49219583
1522807200000,7326.1,7283.6,7333.8,7253.3,2022.06792139
1522803600000,7398.1,7330,7408.8,7284,2642.78888736
1522800000000,7405.6,7397.2,7422,7370,773.95245099
1522796400000,7391.7,7405.6,7450,7361.7,1058.46558263
1522792800000,7427.1,7391.8,7427.2,7347,1308.01826537
1522789200000,7403.4,7427.1,7434.9,7375,1120.7711166
1522785600000,7465.70336219,7402.11120658,7488,7390,1501.44587668
1522782000000,7473.73960532,7465.8,7509.7,7450,2094.61691785
1522778400000,7428.3,7473.73960532,7493,7419,1894.75013856
1522774800000,7398.3,7428.3,7434,7370.4,1241.98456594
1522771200000,7382.3,7399.1,7458,7359.8,1874.17757432
1522767600000,7354.9,7382.3,7422,7340,1909.52004948
1522764000000,7337.0071711,7353.5,7366,7262.5,3209.59327165
1522760400000,7365,7337.0071711,7430.9,7296.4,2440.53777223
1522756800000,7307.8,7365.5,7379.4,7302.8,1086.08787241
1522753200000,7303.1,7308,7340,7284.1,1234.20608396
1522749600000,7361,7303,7394,7270.3,2411.82178903
1522746000000,7345.9,7360.9,7384.8,7322,1434.72111169
1522742400000,7393.4,7345.9,7404,7331,2052.32151595
1522738800000,7338.1,7393.5,7427,7314,2835.28048952
1522735200000,7334.4,7338,7365,7305,1959.38049676
1522731600000,7363.3,7333.9,7390,7280,3261.13042868
1522728000000,7182,7363.2,7385,7181.5,7067.81242851
1522724400000,7188.1,7180,7192,7140.2,1762.78323139
1522720800000,7033.4,7188.1,7198,7033,2541.97045084
1522717200000,7030.9,7033.5,7056.4,7020,581.49829631
1522713600000,7053.4,7027.1,7106.5,7019.9,1976.25163967
1522710000000,7030,7053.3,7068,7007.4,2045.10533045
1522706400000,6976.23775532,7030,7065,6975.7,1285.06150367
1522702800000,6941.3,6976.2,7021,6921,1743.0447222
1522699200000,6989.7,6941.2,6997,6891.9,2162.10909312
1522695600000,6970,6988.7,7014.7,6950,918.78711718
1522692000000,6984.6,6970,7010,6941.41992761,980.02730448
1522688400000,7017.1,6984.8,7017.1,6947,1083.31676481
1522684800000,7027.4,7017,7051.6,6982.76466098,1616.45696675
1522681200000,6918,7025.1,7060,6916.2,2054.15923691
1522677600000,7010,6917.8,7010.1,6884.5,1906.7842383
1522674000000,6996.7,7010,7043,6971,1096.19839276
1522670400000,7041.8,6996.6,7049,6981,1574.84727332
1522666800000,7061.8,7045,7119,7025.3,2423.69288939
1522663200000,7072.8,7061.8,7072.9,7010,1495.927187
1522659600000,7064.3,7074,7090.00358816,7033.9,1412.68243463
1522656000000,7070,7064.3,7104.3,7022.9,2495.63122658
1522652400000,6889.2,7070,7132,6872.3,4884.73477584
1522648800000,6904.9,6889.1,6958.2,6880.6,794.99248315
1522645200000,6885.9,6904.9,6928,6843.9,1051.74069469
1522641600000,6984.1,6885.5,7015.1,6877,1772.31052574
1522638000000,6978,6984,7025,6936.3,1187.00370686
1522634400000,6932.7,6974.4,6980,6914.9,1042.12111168
1522630800000,6999.8,6932.6,7014.8,6921,2606.45442498
1522627200000,6816.7,6999.2,7064,6769.4,5385.39815428
1522623600000,6808,6816.6,6830,6768,950.78909276
1522620000000,6825,6808,6858,6755.8,1546.91213428
1522616400000,6882.3,6825.1,6914.3,6798,1473.6025005
1522612800000,6900,6882.2,6950,6843,1442.47803665
1522609200000,6825.5,6900,6989,6807.9,4087.46952597
1522605600000,6829.7,6825.3,6857.3,6742,2335.45310125
1522602000000,6801.8,6829.8,6864.4,6772.3,2311.44482712
1522598400000,6440.1,6801.7,6874.7,6425.1,9469.26951638
1522594800000,6506.08995473,6443.2,6540,6438,1763.61236251
1522591200000,6544.1,6506,6544.2,6449.1,4814.00142213
1522587600000,6689.3,6544.1,6690,6511.1,3878.01822286
1522584000000,6689.9,6689.5,6735,6680,1135.60084155
1522580400000,6706,6689.9,6710,6638,1681.10085273
1522576800000,6747.8,6706.1,6750,6654,1231.25975489
1522573200000,6708.3,6745.9,6761.9,6615.7,3313.86704395
1522569600000,6710,6708,6737.1,6689.1,1490.03426078
1522566000000,6842.06892981,6710.1,6850,6666,4696.40195291
1522562400000,6925,6842,6927,6815.1,1978.7184458
1522558800000,6939,6925,6960.3,6906,847.4462428
1522555200000,6920,6940.31819448,6969.9,6917.7,622.08427828
1522551600000,6923.9,6919.9,6958.4,6891,821.75962298
1522548000000,6998.6,6923.4,7009.9,6883.7,886.83504344
1522544400000,6980.7,6998.7,7035.1,6975.9,682.90845058
1522540800000,6925.3,6980.8,7020,6925.3,1464.57952825
1522537200000,6951.8,6925.4,6966,6883,732.53099583
1522533600000,6921.7,6951.8,6985.2,6891.9,1014.54856253
1522530000000,6892.3,6924.5,7001.58530181,6810,2718.17718244
1522526400000,7049.9,6896,7063.2,6877,2690.48860187
1522522800000,7024,7049.9,7065.9,6970.8,1365.20990657
1522519200000,7111.1,7027.1,7127.8,7014.3,1413.16251736
1522515600000,7142.9,7111,7170,7052.6,2173.43062979
1522512000000,7049.9,7143.1,7170,7049.9,1883.25410462
1522508400000,7070.2,7050,7071.9,7018,906.89794797
1522504800000,7040.5,7070.2,7089,7001.2,1982.20772292
1522501200000,7190,7040.5,7190.1,7030,2507.78335159
1522497600000,7090.6,7190,7222,7053,12447.33896353
1522494000000,7109.1,7091,7149,7050,3766.50747607
1522490400000,7007,7109,7214,6967.1,11733.14918972
1522486800000,6894.3,7012,7025,6869.2,3003.54590119
1522483200000,6814.2,6894,6976,6814,2196.15997741
1522479600000,6807.6,6814.2,6842,6780.06217933,1507.15418783
1522476000000,6907.2,6807.8,6925.8,6781,2043.74067191
1522472400000,7018.3,6907.2,7018.4,6864,1530.50524713
1522468800000,6962.2,7018.9,7049,6947.7,873.87712752
1522465200000,7039,6962.2,7039.3,6950,2187.65865709
1522461600000,7071.2,7040.1,7105,6994,1977.66468781
1522458000000,6991.9,7070.3,7100.9,6941.1,2534.94804917
1522454400000,6840.4,6991.2,7043.2,6838,2834.10996914
1522450800000,6781.3,6840.4,6903.33603714,6754,1172.11112686
1522447200000,6910.5,6776.2,6910.5,6740,1660.52769649
1522443600000,6838.9,6910.5,6950,6825,1719.11492433
1522440000000,6809.7,6837.9,6922,6741,2398.9331138
1522436400000,6735,6809.7,6877.69507472,6730,3323.94784482
1522432800000,6716.5,6729,6749,6648.1,2745.43238887
1522429200000,6668.8,6716.5,6749,6592,6932.90825649
1522425600000,6791.7,6670,6877,6533,12642.56303437
1522422000000,6831.9,6791.52664811,6831.9,6657.77451239,7192.12335011
1522418400000,6878.3,6834.1,6939.9,6830,1670.4928839
1522414800000,7029.9,6878.3,7036.8,6825,2988.80330063
1522411200000,7013.8,7035.9,7035.9,6919.2,1700.7228888
1522407600000,6889.4,7013.9,7045.9,6888.1,2102.19909583
1522404000000,7022.8,6889.4,7080.29224091,6875,4091.3024693
1522400400000,7085.7,7022.8,7161.7,7022.7,1971.20883353
1522396800000,7208.5,7085.7,7269,7075,3858.3096382
1522393200000,7041.9,7208.4,7249.9,6961.7,4578.94184275
1522389600000,7120.6,7041.9,7188,6996,4154.55289158
1522386000000,6708.9,7120.9,7199.5,6705.8,8408.60545179
1522382400000,6863.8,6709,6870,6614.92978566,5553.83065468
1522378800000,6835,6863.6,6918,6799.3,4251.28506291
1522375200000,6883.5,6835,6932,6750,4753.44912436
1522371600000,6825,6882.2,6886.88686224,6657,10035.45577533
1522368000000,7094,6825,7179.6,6800,8302.53539764
1522364400000,7178.2,7094,7225,7054.8,3147.50381786
1522360800000,7084.8,7178.2,7350,7026,7926.53885456
1522357200000,7110,7083.9,7262.44123885,6883,16301.12874805
1522353600000,7343.8,7110.1,7362,7102.5,7172.62974997
1522350000000,7434.9,7343.9,7474.7,7324.7,1398.3348336
1522346400000,7433.5,7435,7463.3,7405,941.11814373
1522342800000,7493.9,7433.5,7512,7410,1035.48897509
1522339200000,7472.9,7493.8,7563.9,7470.4,2485.76811506
1522335600000,7401.9,7473,7477.6,7376,1784.63402858
1522332000000,7470.1,7401.9,7485,7326.4,4736.46858025
1522328400000,7500.1,7470,7535.6,7439.84276392,1494.05188423
1522324800000,7473.9,7500,7559.9,7467,1606.46459599
1522321200000,7476.9,7474,7502,7426.7,1997.32422818
1522317600000,7520,7476.8,7536.7,7419,2151.9731527
1522314000000,7542.5,7520.1,7572,7475,1401.46817414
1522310400000,7534,7544.7,7581.7,7466.6,2059.71789987
1522306800000,7614,7534.1,7617.9,7478,2825.19158289
1522303200000,7548.1423116,7613.9,7626,7516,2709.64631329
1522299600000,7583.7,7542,7667.25730936,7521,4037.55677887
1522296000000,7861.1,7583.9,7861.1,7580,7440.37146428
1522292400000,7895,7861.1,7895.1,7821,1009.69639236
1522288800000,7883.8,7895,7900,7848.7,636.41101423
1522285200000,7946.82091458,7883.77601041,7973,7866.2,699.98734247
1522281600000,7936.1,7946.82091458,7957.65569768,7905,417.85769472
1522278000000,7946.1,7936,7970.9,7909,399.59330609
1522274400000,7869.5,7948.3,8005,7861.8,1365.88020125
1522270800000,7892.6,7869.62308498,7920,7815.7,954.17313116
1522267200000,7897.2,7892.6,7948.5,7877,695.15747767
1522263600000,7939,7896.8,7944.4,7871.22367794,597.49384144
1522260000000,7920.9,7940,7946,7871.5,517.85214854
1522256400000,7877.50601617,7919.1,7941,7857.3,829.08335611
1522252800000,7859.2,7876.27129736,7925,7829.7,1254.8643782
1522249200000,7891.98145939,7859.3,7933.5,7762,2870.82077359
1522245600000,8033.8,7891.9,8037,7871,2419.95866398
1522242000000,8021.2,8033.9,8053.4,8007,1112.45438254
1522238400000,8043.4,8021.1,8074,8000.4,1780.82109254
1522234800000,8042.4,8043.4,8120.2,8016.2,2302.66844005
1522231200000,8086.4,8043.1,8110,8030.9,1830.4574496
1522227600000,7895,8086.4,8108,7894.9,4376.65915515
1522224000000,7869.9,7895,7910,7848,715.90082034
1522220400000,7895,7870.6,7945,7851.1,1388.29013747
1522216800000,7844.2,7895,7927.2,7842.7,905.03617477
1522213200000,7833,7844.3,7865.8,7806.9,566.13286786
1522209600000,7861.1,7832.9,7870.5,7812.9,814.8474547
1522206000000,7810,7861.2,7914.2,7809.9,1080.05081341
1522202400000,7813.8,7810,7835.8,7725,1441.19337706
1522198800000,7780,7813.8,7838,7761.3,1460.02396233
1522195200000,7784.7,7780,7826,7702.1,3397.28242614
1522191600000,7965.4,7784.6,7985.2,7756,3018.79414486
1522188000000,7994.7,7965.5,8002,7895,1366.00948768
1522184400000,7984.6,7994.9,8041,7961.4,968.94198329
1522180800000,7883.1,7980.1,8031.2,7862,1972.7983266
1522177200000,7881.2,7883,7901.5,7818,1097.59645199
1522173600000,7900,7882,7936.9,7830,1427.20773255
1522170000000,8088.1,7900,8104.5,7855.1,3059.26223021
1522166400000,8054.9,8088.1,8119.5,8044,1206.9923153
1522162800000,8051.4,8054.9,8135.1,8021,2693.66601832
1522159200000,8090,8049.9,8113,8013.1,2059.54173651
1522155600000,7935.9,8089.5,8120,7926.9,2398.72164291
1522152000000,7921.9,7935.8789893,7992,7866,1651.27484924
1522148400000,7987.3,7923.6,7998.38589521,7850,1551.72458288
1522144800000,7903.5,7987.2,8064.6,7903.5,1474.87572364
1522141200000,7933.8,7903.5,7979,7872,1218.76512699
1522137600000,7916.2,7930.1,8023.8,7811.1,2107.07781369
1522134000000,7959.9,7916.2,7976,7836,1737.77353557
1522130400000,7923.8,7959.8,8031.2,7869.9,2553.69605019
1522126800000,7759,7924,7938,7742.9,3318.80792043
1522123200000,7847.5,7756.7,7909.7,7716.6,3210.16495331
1522119600000,7840,7847.4,7909.8,7810,2297.73353057
1522116000000,8029.6,7840.0898629,8053.3,7800,4800.94677366
1522112400000,8184.2,8032.74217591,8199,8020,1542.62523322
1522108800000,8134,8183.9,8210,8128,1664.25721267
1522105200000,8175.1,8131.12312438,8277.8,8119,1858.93190602
1522101600000,7872,8175,8228,7863.1,6708.22873571
1522098000000,7883.1,7872,7927,7835.9,1283.14700261
1522094400000,7922,7881,7942.7,7842.1,1464.81293759
1522090800000,7896.1,7922,7959,7852.7,2114.97219213
1522087200000,7920.8,7895.9,7950,7873.05724659,1805.17101103
1522083600000,8079,7920.9,8079.1,7868,7572.49196786
1522080000000,8068,8079,8100,8045,1204.16167132
1522076400000,8080.2,8066.8,8115.7,8053.74137895,910.60962572
1522072800000,8092.3,8080.2,8133.9,8015.3,3236.06039167
1522069200000,8115.4,8090.1,8162.4,8070.6,1711.1326484
1522065600000,8095.9,8115.4,8153.69685056,8027,3420.70043867
1522062000000,8195,8095.9,8221.05418552,8030,7034.11800201
1522058400000,8292.7,8195,8339,8195,3230.97907948
1522054800000,8385.1,8292.8,8385.1,8250,4123.63646346
1522051200000,8405.94687564,8384,8427,8376,720.82689059
1522047600000,8435.1,8406.7,8440.1,8380.4,1153.95357461
1522044000000,8453.66744717,8435.1,8459.2,8423.4,549.8042746
1522040400000,8434.9,8455,8478,8433,515.55157758
1522036800000,8430.8,8434.4,8468.3,8420,541.52534401
1522033200000,8423.8,8430.8,8470,8416.2,941.06062923
1522029600000,8403.7,8423.8,8460.62844019,8400,877.92827323
1522026000000,8350.8,8403.7,8426.6,8350,1367.55179128
1522022400000,8445.1,8350.4,8499.1,8311,2045.22476522
1522018800000,8442.8,8445,8471,8373.9,2395.35526094
1522015200000,8614,8442.7,8657.9,8380,3279.87900748
1522011600000,8590.9,8612.3,8615.4,8571.1,398.46463398
1522008000000,8609.4,8591,8622.3,8525,842.94834604
1522004400000,8613,8608.9,8674.4,8570,927.64768608
1522000800000,8537.5,8613,8659.9,8537.5,1685.39477115
1521997200000,8537.6,8536.3,8562,8475,751.71629775
1521993600000,8470.7,8537.6,8570,8470.6,874.32847482
1521990000000,8550,8470.7,8569.2,8459,1420.32106994
1521986400000,8556.1,8549.3,8645,8525,1321.1518747
1521982800000,8495.1,8556.1,8580,8460.1,1112.24733478
1521979200000,8424.9,8495,8533.4,8388,1223.37839296
1521975600000,8477.4,8424.9,8483,8371,1830.72880714
1521972000000,8508.9,8471.5,8519.3,8413.1,1067.3558647
1521968400000,8525.8,8508.9,8545,8469.9,1008.59703771
1521964800000,8471.3,8525.9,8590,8444.32908138,1159.32050136
1521961200000,8504.02946702,8471.3,8515.7,8364.8,2003.3433119
1521957600000,8525,8506.5,8576.9,8475,833.92206295
1521954000000,8524.7,8524.4,8584,8512,843.3101542
1521950400000,8552.1,8524.1,8562.5,8479.7,542.77411275
1521946800000,8482.9,8562.5,8567.3,8425,1440.70792444
1521943200000,8529.5,8482.8,8558.1,8460.9,790.8481026
1521939600000,8543.5,8529.9,8596.9,8476.9,1397.86435447
1521936000000,8521.6,8543.5,8549,8483.7,1493.42744223
1521932400000,8616.9,8522.6,8659.1,8460,2669.9399134
1521928800000,8668,8616.8,8722,8556,4050.91712111
1521925200000,8921.9,8668.1,8922,8610,4998.72723303
1521921600000,8897.2,8924.8,8977,8897.2,923.33011722
1521918000000,8918.8,8897.2,8947,8869,784.58688206
1521914400000,8861.98457431,8918.8,8926,8855.3,700.41425391
1521910800000,8934.4,8862,8938.7,8853,1302.25518714
1521907200000,8950.1,8937.7,8960,8895,1046.42714812
1521903600000,8980.3,8950,8988,8918.5,1284.74496002
1521900000000,8864.7,8980.2,9050.3,8832.4,3160.70134556
1521896400000,8852,8864.7,8892,8827,922.21253974
1521892800000,8726,8852,8895,8656.1,2259.91340607
1521889200000,8771.4,8726.1,8787.1,8701,975.28248709
1521885600000,8889.1,8771.5,8891.8,8683.6,4438.65444851
1521882000000,8881.2,8889,8918,8858.3,782.43724768
1521878400000,8919,8880,8927.3,8865,870.22981732
1521874800000,8891.40215564,8918,8950,8882.3,1220.59156783
1521871200000,8848.5,8893.8,8903.6,8848.4,622.24583233
1521867600000,8955.3,8848.6,8971,8831,1202.4180957
1521864000000,8876.8,8955.2,8962.9,8860,864.90412162
1521860400000,8887,8879,8911.5,8849.6,503.0835118
1521856800000,8832,8894.3,8905.24572333,8813.5,831.33448764
1521853200000,8901.7,8831.2,8906,8831,897.19390451
1521849600000,8917.2,8901.8,9000,8859,6881.19491652
1521846000000,8648.4,8914.4,8917.6,8647.4,3485.87021848
1521842400000,8671,8649,8695,8616.3,1385.90751716
1521838800000,8611,8670.2,8671,8610.9,574.46673025
1521835200000,8620,8611.6,8620,8560.1,1058.67269621
1521831600000,8618.7,8620,8645,8580.1,616.07732983
1521828000000,8628.8,8618,8730,8556,2948.35040368
1521824400000,8630.1,8628.8,8667,8605.5,999.53027613
1521820800000,8621.4,8630.1,8665,8573.2,2232.33503361
1521817200000,8568.2,8621.3,8696.7,8566.9,3183.95293163
1521813600000,8363,8567.7,8619,8354.5,3765.72978994
1521810000000,8309.5,8354.4,8363,8275.1,1601.40275333
1521806400000,8511.8,8314,8516.9,8271.1,2499.14229945
1521802800000,8484.8,8511,8523,8437.3,678.70464588
1521799200000,8480,8484.8,8511.5,8421.2,982.86284189
1521795600000,8468.8,8480,8534.9,8461,1380.40608466
1521792000000,8382.3,8468.8,8509,8382.3,1919.18462866
1521788400000,8371,8382.2,8424.4,8366,1909.72782096
1521784800000,8402.7,8371,8452,8338,1831.00796498
1521781200000,8403.1,8404,8407,8346,991.82823315
1521777600000,8410.1,8403.2,8469,8360.1,1307.89402555
1521774000000,8425.4,8410.9,8426,8333.4,1641.24832712
1521770400000,8579.2,8425.3,8601.9,8353,4387.60490403
1521766800000,8619.9,8578.9,8642.2,8539.3,2434.17514159
1521763200000,8697.5,8619.9,8721,8616,1125.22362695
1521759600000,8694.6,8699.3,8771.9946496,8651,1716.06198474
1521756000000,8615,8694.6,8710,8607.1,1340.93520976
1521752400000,8596.1,8615,8639.6,8521,1593.45314402
1521748800000,8596.7,8597.2,8612,8565,1369.87345194
1521745200000,8646,8598.1,8678.9,8555,1732.18113421
1521741600000,8666,8645.9,8684,8612,1668.04777309
1521738000000,8610,8667.6,8684,8550,1432.17682358
1521734400000,8595.7,8610,8645,8553,1592.89564641
1521730800000,8482,8595.8,8610,8450,5292.33908768
1521727200000,8594,8482,8647,8480,3881.85754791
1521723600000,8706.4,8593,8709.8,8548,2677.24410897
1521720000000,8642.2,8707,8743,8621.69011343,1674.27372332
1521716400000,8703.6,8642.9,8717.9,8610,2978.61105352
1521712800000,8771.4,8703.6,8776.2,8588,9979.14643019
1521709200000,8986.7,8771.2,9011,8701,4828.93610737
1521705600000,8952,8986.7,9000.8,8948.9,981.74873898
1521702000000,8991.7,8951.8,9015,8910,1461.24660466
1521698400000,8997.6,8992.1,9042,8988.3,623.81775924
1521694800000,9021.1,8996.9,9045.6,8976,529.40060613
1521691200000,9016.5,9021.2,9031,8963.1,434.17955681
1521687600000,9044.6,9016.4,9095.92211691,8975.1,1682.66278293
1521684000000,9064.96234685,9044.6,9076.4,9034.1,903.81004568
1521680400000,9034.7,9064.96234685,9091,8994,1916.98454039
1521676800000,8888.3,9029.6,9068.7,8875,2096.48708914
1521673200000,8825.6,8888.2,8936.49972274,8800,1509.70711578
1521669600000,8917.2,8825.1,8935,8814.9,1375.18103654
1521666000000,8876.8,8917.2,8950,8869,751.70875269
1521662400000,8868.6,8875,8914.68082479,8828.1,1028.87353005
1521658800000,8875.3,8868.5,8960,8864.9,1103.94161765
1521655200000,8853.2,8875.8,8924.9,8784,1730.10525809
1521651600000,8868,8853.53662995,8921.62660195,8752,3571.84030199
1521648000000,9024.6,8867.8,9062.4,8800,8429.3371404
1521644400000,9050.3,9024.5,9177.5,9016,3526.34137831
1521640800000,9023,9050.3,9125,9003,1746.82815478
1521637200000,9018.8,9020,9080,8961.65350584,1049.84311013
1521633600000,9046.5,9017.2,9090.8,8950,1375.30074956
1521630000000,9049.5,9049.5,9049.5,9046.5,0.037
1521626400000,9048.8,9046.5,9049.5,9046.5,0.236756
1521622800000,8968.2,9046.5,9060,8955.1,704.37116768
1521619200000,8922.8,8964.1,9000,8877.1,1623.44414541
1521615600000,9062.1,8920.1,9095,8900.1,2464.86908637
1521612000000,9034.9,9064.9,9090.93139721,8987,1205.53104533
1521608400000,9060.1,9033.6,9117.6,9022.8,1023.20385905
1521604800000,9031.8,9060.1,9125,9009,2760.19504455
1521601200000,8938.2,9031.2,9060,8920.6,1609.71637982
1521597600000,8970.9,8938.3,9000,8925.6,1243.46465674
1521594000000,8946.4,8967,8982.6,8924,1442.5862567
1521590400000,8899.8,8946.4,8947,8849.9,1611.12154383
1521586800000,8946.1,8899.7,8946.6,8820,1790.75412151
1521583200000,8984.9,8946.1,8991,8900,1232.52012761
1521579600000,8918,8984.9,8997,8869,1894.751829
1521576000000,8939,8915,9040,8839.3,4413.36541703
1521572400000,8816,8939.1,8963.7,8800.3,2797.53669575
1521568800000,8862,8815.9,8884.4,8782,2074.78982707
1521565200000,8818.8,8862,8899,8766.7,3738.81660976
1521561600000,8517,8818.8,8847,8515.3,7529.66649364
1521558000000,8511.4,8517,8600,8499,2550.05642584
1521554400000,8474.9,8511.7,8540,8445,1254.74864746
1521550800000,8549.9,8474.9,8568,8450,1617.72195277
1521547200000,8523.4,8550,8615,8465,2070.90592199
1521543600000,8467.9,8523.6,8565,8446.5,1555.81825073
1521540000000,8446.1,8468,8505,8429.1,1131.81522645
1521536400000,8360,8446.01053038,8485.47786931,8308,1619.94760351
1521532800000,8387,8360,8429,8305.1,1721.56667369
1521529200000,8487.9,8387,8511.93607096,8340,1557.22209901
1521525600000,8471.7,8486.1,8543.66846195,8427.2,822.28310791
1521522000000,8456.2,8472,8499,8375,1193.03920784
1521518400000,8588.8,8456.2,8593.03617731,8411,2287.79566069
1521514800000,8576.4,8588.7,8684,8528.3,2947.71100543
1521511200000,8457,8576.4,8632.2,8430.2,2517.46829178
1521507600000,8503.9,8458.9,8541.4,8421,1767.1573013
1521504000000,8600.2,8504.1,8600.2,8448.2,2197.12326827
1521500400000,8503.8,8600.2,8627,8442.4,2387.48020872
1521496800000,8378.1,8503.5,8579.35253104,8365,2027.21823408
1521493200000,8411,8378.04446057,8464,8370,1328.03747752
1521489600000,8388,8410.9,8502.70488434,8339.5,3621.91250095
1521486000000,8307.9,8386.2,8454.8,8298.6,2363.80864816
1521482400000,8306.4,8308.7,8399.7,8277,2430.54591708
1521478800000,8360.2,8303.2,8380,8241.7,5110.77964205
1521475200000,8559,8360.2,8627.1,8352.1,3377.44209049
1521471600000,8564.7,8559.3,8604,8505.1,2162.79433653
1521468000000,8543.9,8564.8,8717,8519,7212.1009514
1521464400000,8271.3,8543.9,8635,8217.2,7260.77109045
1521460800000,8337.8,8272.5,8337.8,8228.9,1532.7948381
1521457200000,8214.1,8337.8,8375,8206.8,2270.32427998
1521453600000,8201.7,8214.1,8236.5,8085.7,3037.10284073
1521450000000,8309.2,8201.7,8327.9,8155,2985.19130626
1521446400000,8291.2,8309.1,8407.9,8277.7,1937.09905949
1521442800000,8272,8293,8319,8250,1055.78460992
1521439200000,8321,8272,8406,8250,2244.71856147
1521435600000,8179.1,8321.4,8356.9,8170,1916.31903139
1521432000000,8183.9,8179,8246.2,8164,1033.64316585
1521428400000,8175.5,8183.9,8235.9,8122,1241.08330148
1521424800000,8247.1,8175.4,8279,8154,1755.42521418
1521421200000,8295.4,8249.7,8322,8120,5329.54758569
1521417600000,8200.3,8295.2,8467.05998033,8200.2,7629.99538552
1521414000000,8160,8200.3,8262.7,8129.4,3533.52119335
1521410400000,8216.81415929,8160,8235,8045,5760.46987522
1521406800000,7653.9,8216.81415929,8300,7644,11219.56878321
1521403200000,7467,7654.7,7681.6,7458,4506.31241406
1521399600000,7439.4,7463.7,7523.9,7382.4,2106.39850321
1521396000000,7484.9,7440.1,7577.2,7420,2521.14930953
1521392400000,7377.3,7484.9,7515,7330,2695.84072612
1521388800000,7378.5,7377.6,7453.2,7318,3874.44427849
1521385200000,7478.7,7381.5,7489.54540982,7356,3212.07578044
1521381600000,7597.1,7476.87690643,7612.3,7240,11949.6551357
1521378000000,7693.1,7597.1,7728,7522,3411.05749989
1521374400000,7765.4,7693.1,7816.4,7671.2092886,2292.7904604
1521370800000,7578,7767.4,7823.2,7540,3663.88880846
1521367200000,7683,7578,7726.5,7522,3751.65530227
1521363600000,7740.7,7683,7763.4,7649,1393.4905595
1521360000000,7665.1,7738.2,7793.7,7655.7,1763.7646704
1521356400000,7750.4,7665.05952967,7752.5,7655.7,1214.87659251
1521352800000,7660,7750,7770.6,7651.16107449,2087.69898694
1521349200000,7571,7659.9,7689.9,7562.2,1605.61838579
1521345600000,7641.1,7571,7732.2,7520,2364.31891173
1521342000000,7637,7641.1,7724.9,7587,3206.24292171
1521338400000,7710,7637,7710,7530,5905.27205635
1521334800000,7683.8,7710,7780,7683.7,1513.2470194
1521331200000,7838.6,7683.8,7870,7679,3388.4629634
1521327600000,7987.8,7845,7995,7799,2119.64818683
1521324000000,7941.3,7986,8029,7927.1,1996.54423476
1521320400000,7820.4,7939.2,8047,7805.27403326,4136.10932791
1521316800000,7823.6,7820.4,7846.1,7755.4,3137.69457366
1521313200000,7817,7823.5,7838.4,7728.1,2320.06264087
1521309600000,7913.1,7814.2,7960,7780,2136.1340613
1521306000000,7886.6,7916,7976.9,7882.1,1871.83805985
1521302400000,7888.1,7887.1,7940,7863.6,1283.87726245
1521298800000,7968.7,7888.8,7987.9,7840,4157.71668474
1521295200000,7990,7968.7,8055.5,7952.4,1723.98241244
1521291600000,8035.4,7989.9,8069,7928.26921185,2296.49627967
1521288000000,8176.1,8035.4,8178.9,7970.6,3852.38987424
1521284400000,8226.4,8176.1,8285,8170.5,745.70217734
1521280800000,8276.8,8226.1,8277.9,8222.4,536.00771856
1521277200000,8296,8276.4,8322.1,8241.9,953.92253492
1521273600000,8181.2,8296,8367,8135,2288.69498981
1521270000000,8184.5,8181.1,8239,8170,585.05975353
1521266400000,8154,8183.8,8221,8112.3,1530.0414026
1521262800000,8210,8154.1,8210.1,8145.5,905.48730162
1521259200000,8194.2,8210,8240.3,8082,1808.14211255
1521255600000,8222.6,8195.3,8239,8166,511.9465592
1521252000000,8150,8222.7,8241.8,8090,1584.38392533
1521248400000,8290.9,8150,8306.3,8069.1,4400.20415686
1521244800000,8250,8290.5,8320,8226.3,2036.36090712
1521241200000,8480,8250,8515.9,8250,3483.2745895
1521237600000,8500.9,8480,8545,8461,1282.13293646
1521234000000,8528.3,8500.1,8540,8450,1097.14176834
1521230400000,8535.9,8533,8566.9,8491,852.04078849
1521226800000,8510.4,8530.5,8598.8,8465,1871.9485866
1521223200000,8445,8511.6,8556,8441,1494.45927009
1521219600000,8539.4,8445,8586.3,8445,1693.23630987
1521216000000,8551.3,8539.7,8575.7,8480,1785.46352183
1521212400000,8442.4,8551.2,8604.5,8441,3020.82427172
1521208800000,8461.3,8442.3,8574.1,8429.5,3437.49676642
1521205200000,8188.6,8462.4,8550,8150,8111.28133072
1521201600000,8197,8188.5,8244.1,8153.5,1333.41267587
1521198000000,8100,8198,8218.5,8087.9,1207.26836501
1521194400000,8204.2,8100,8204.2,8050,1391.01971164
1521190800000,8199.1,8198.2,8223.3,8069,2456.52277276
1521187200000,8245.1,8200,8290,8170.3,1454.95327793
1521183600000,8201.1,8245.7,8300,8196.2,1624.99611827
1521180000000,8188.2,8200.9,8300,8150,1406.20802685
1521176400000,8191.9,8188.9,8239,8149,1905.30693766
1521172800000,8033.9,8191.5,8258.9,8012.5,2331.69716916
1521169200000,8096.7,8033.9,8146.1,8001.2,2365.95873887
1521165600000,8008.9,8096.5,8120,7965.1,3691.95164731
1521162000000,8060.3,8008.9,8083.9,7902,3637.96187488
1521158400000,8249.5,8060.2,8340,8024.8,3468.37967533
1521154800000,8318,8250.1,8325.1,8211.1,1189.50979893
1521151200000,8311.1,8318,8394,8250,2186.25669571
1521147600000,8240.7,8311,8354,8143.1,2792.98256126
1521144000000,8212.1,8240.7,8296.52977425,8190,1889.25336744
1521140400000,8144.3,8212.2,8337.8,8133.8,3197.59915154
1521136800000,8156.2,8144.3,8227.8,8073,2124.71992797
1521133200000,8076.6,8155.2,8247.4,8066.3,2759.69955404
1521129600000,8092.9,8081,8145,7967,3883.20941363
1521126000000,8277.9,8093.9,8280.2,7934.1,7888.02239602
1521122400000,8385.6,8276.7,8388.7,8266,2566.79940882
1521118800000,8230,8385.7,8418,8171.4,3882.20226655
1521115200000,8235.2,8232.2,8249,8123.3,2328.55125119
1521111600000,8096.5,8235.4,8275,8096.5,2722.60403389
1521108000000,8174.4,8096.5,8261,8050,3021.00393347
1521104400000,8181.7,8174.5,8279,8125,4095.81137877
1521100800000,7882.4,8181.7,8250,7801,5104.97626204
1521097200000,7841.7,7882.4,7944,7841.7,2856.90202654
1521093600000,7771.1,7841.7,7858,7665.1,5399.00994253
1521090000000,7895.1,7771,7912.7,7736.5,3797.22874976
1521086400000,7887.3,7894.9,7946,7820,2331.68042173
1521082800000,7782.6,7887.2,7970,7777.7,3590.64024072
1521079200000,8119.8,7782.3,8121.7,7730.1,7985.33180333
1521075600000,8078.7,8119.7,8183.8,8042,2052.14587345
1521072000000,8175.6,8078.6,8257,8040.1,2900.27110397
1521068400000,8166.9,8176,8278,8140,2309.47261932
1521064800000,8038,8168.84194849,8325,8037.9,5820.10708582
1521061200000,8286.2,8038,8286.7,7916,9840.85489884
1521057600000,8279.2,8286.2,8343,8183,2505.77148674
1521054000000,8252.1,8279.2,8360,8252.1,1932.33939715
1521050400000,8316.6,8252.5,8330.1,8178,4304.14192237
1521046800000,8414,8315,8431.7,8210,7860.68281271
1521043200000,8719.6,8413.7,8730.1,8362.2,6216.10052614
1521039600000,8732.6,8719.2,8742,8649,2159.03194431
1521036000000,8662.3,8732.6,8777,8649.7,2735.31460222
1521032400000,8669.7,8662.4,8690.4,8557,2290.67005626
1521028800000,8683.8,8669.7,8740,8556,4089.25481109
1521025200000,8730,8683.8,8748.8,8605,3819.36991153
1521021600000,8899.1,8730.1,8928.4,8656,5889.50712795
1521018000000,9103.3,8899.2,9120,8855.4,3847.70154251
1521014400000,9085.3,9104.5,9120.9,9064,976.811762
1521010800000,9165.8,9085.9,9165.8,9042,773.10544984
1521007200000,9172,9165.8,9193.41172734,9089.5,930.88684689
1521003600000,9091.2,9171.9,9183,9086.2,999.79021397
1521000000000,9256,9091.2,9256.4,9068.1,2069.39434204
1520996400000,9231.7,9255,9320,9230.1504843,838.62724068
1520992800000,9279.9,9231.4,9320,9208.3,853.47963024
1520989200000,9307.6,9279.9,9323.5,9250,1607.2510493
1520985600000,9136,9305,9439.6,9136,4183.92989733
1520982000000,9156.1,9135.2,9195.5,9110.1,1310.54912305
1520978400000,9101.1,9150.3,9250,9089.8,1981.22114276
1520974800000,9049.2,9103.8896973,9121.9,9035.6,589.45648175
1520971200000,9055,9049.1,9199.7,8988.1,1837.64402889
1520967600000,9135,9053.6,9194.1,8985.7,2396.84881384
1520964000000,9095.3,9135.1,9162.6,9044.1,1252.41709037
1520960400000,9223.7,9095.4,9268.1,9095.3,2497.36861635
1520956800000,9071.1,9223.7,9321.6,8951.1,4792.56589757
1520953200000,9083.3,9071.1,9119.4,8941.810078,1872.73878522
1520949600000,9115.4,9084.4,9188.9,9012,2417.88378508
1520946000000,8946.7,9118.3,9250,8922.9,4707.37678637
1520942400000,9045.1,8946.7,9049,8822,3538.78866622
1520938800000,8877,9045.1,9089,8875.9,3140.67670113
1520935200000,9260.2,8876.6,9317,8875,3690.85700176
1520931600000,9161.1,9262.5,9373.8,9151,2108.50960934
1520928000000,9202,9161.8,9220,9044.1,2794.19131407
1520924400000,9350.1,9202.6,9398.8,9095,3846.84887693
1520920800000,9383.3,9351,9482.4,9332,2162.40926428
1520917200000,9377.1,9383.3,9419,9314.4,1321.33284787
1520913600000,9047.7,9380.2,9469,9014.8,4463.77835004
1520910000000,9122.65197734,9047.1,9128.6,8950,2421.96104121
1520906400000,9095,9122.7,9184.6,9090,1425.67949195
1520902800000,9224.2,9095,9232.2,9095,2087.72198739
1520899200000,9130.2,9229.7,9255,9040,2877.0171084
1520895600000,9061.9,9130.2,9234.5,9058.6,2312.3488299
1520892000000,9099,9060.9,9170,9018.5,3164.45031178
1520888400000,8999.9,9099,9130.4,8940.1,2463.90512816
1520884800000,8915,9000,9049,8770,4767.0077898
1520881200000,9199.1,8914.9,9212.8,8852.8,6439.42407851
1520877600000,9173,9200,9243.8,9140.10326853,2406.27276404
1520874000000,9175.6,9173,9280,9033,4210.9288448
1520870400000,9178,9177,9244,9000,5866.41859807
1520866800000,9242.9,9179,9338,9120,3664.94077312
1520863200000,9775.5,9236.3,9775.5,9188,7991.02864764
1520859600000,9781.1,9776,9799,9701.3,1451.16946724
1520856000000,9826.1,9781.1,9829.5,9745.1,973.43786995
1520852400000,9834,9832,9852,9752.5,1452.151467
1520848800000,9806.1,9834,9900,9773.38314248,3051.82433163
1520845200000,9522,9806,9875,9501,4322.25487909
1520841600000,9590.3,9522,9630,9498,1091.44754613
1520838000000,9588.3,9593.95110825,9643.4,9519,777.47163554
1520834400000,9563,9584.7,9697.6,9530,1399.12254801
1520830800000,9534.6,9563,9613.05008522,9484,1338.69648095
1520827200000,9425.1,9534.5,9577,9370.7,1595.73057176
1520823600000,9571.2,9425.5,9618,9357,2180.31412096
1520820000000,9528.6,9574.7,9609,9481,1066.04446747
1520816400000,9597.1,9529.9,9696.6,9467,1892.42040275
1520812800000,9525.9,9597.2,9650,9525.9,1705.82283627
1520809200000,9507.8,9527.7,9567.3,9432.2,2314.4354844
1520805600000,9502.8,9507.7,9716.25816923,9501,4357.10485668
1520802000000,9597,9502,9630,9500,1818.69242835
1520798400000,9631,9599,9648.5,9435.9,3915.78654797
1520794800000,9611.4,9631.8,9700,9555,2112.87417152
1520791200000,9630.5,9611.3,9729,9542,3964.71487904
1520787600000,9189.4,9630.5,9680,9180.4,7789.60513528
1520784000000,9085.1,9192.2,9276.5,9081.6,2279.05894997
1520780400000,9201.70260117,9081.3,9283.5,9062.6,2546.9688807
1520776800000,9212.4,9201.7,9323.9,9143.6,2373.3658641
1520773200000,9169.1,9212.4,9375,9162.1,3221.52614567
1520769600000,9037,9169,9285,9019.1,6518.55320566
1520766000000,8701.1,9020,9089,8621.5,3953.28177883
1520762400000,8604.8,8701.1,8705,8506.7,2697.04928757
1520758800000,8785.9,8604.9,8790,8559.1,1561.98695449
1520755200000,8691.4,8785.9,8792,8686.2,1424.79691931
1520751600000,8778.1,8691.5,8781.5,8625,1248.93381446
1520748000000,8814,8778.3,8830.9,8739.2,1579.92221337
1520744400000,8658.1,8814.1,8818.2,8588,1729.88420579
1520740800000,8596.4,8659.7,8707,8560,1312.26123381
1520737200000,8700,8596.1,8700,8475.9,2702.56299855
1520733600000,8580,8700,8736,8508.1,1879.84450551
1520730000000,8471.3,8580.4,8634,8471.3,1976.84200055
1520726400000,8772.5,8471.3,8774.5,8428,5198.98120709
1520722800000,8827,8769.9,8860,8706,1899.86055517
1520719200000,8801.5,8826.9,8875,8670.9,2415.95081288
1520715600000,8842.1,8801,8850,8739.1,2811.63216957
1520712000000,9097.07485438,8842,9103,8811,3483.40075157
1520708400000,9078.9,9097.1,9125,9000,1494.23072247
1520704800000,9135,9080,9135.1,8970,3711.30651417
1520701200000,9405.6,9135,9424,9087.2,3201.84379412
1520697600000,9363.9,9405.5,9430.5,9333,718.05286225
1520694000000,9435.4,9363.7,9500,9328,1442.88618442
1520690400000,9260.7,9435.4,9500,9258,2970.17794911
1520686800000,9273.1,9261.52505404,9317.8,9206.2,1105.19267601
1520683200000,9349.9,9273.1,9358.02876401,9225,1308.63388594
1520679600000,9334.9,9349.9,9375,9271,913.80880173
1520676000000,9220,9335,9341.8,9173,1089.75294967
1520672400000,9332.5,9220,9343.6,9201,2091.09487487
1520668800000,9327.3,9324.3,9415.2,9303.2,1613.77810672
1520665200000,9428.4,9327.2,9451,9319.1,1835.89631103
1520661600000,9341.7,9428.4,9506.4,9341.6,3340.13874083
1520658000000,9303,9342,9360.2,9205.1,1567.32167436
1520654400000,9234,9303,9336,9188,1211.59650498
1520650800000,9289.9,9233.6,9293,8950,3907.08062438
1520647200000,9279,9289.9,9326.6,9202.2,1468.14920514
1520643600000,9311.9,9279.1,9423.9,9232.6,3141.54103328
1520640000000,9216.1,9313.1,9330.9,9214.2,3788.77518047
1520636400000,9228.5,9216.2,9355,9153,3531.85172852
1520632800000,8975,9229,9260.7,8940,3959.63528121
1520629200000,8973,8976,9130,8933,3415.9973009
1520625600000,8775.2,8973,9000.5,8723.86152702,1843.82270698
1520622000000,8882.9,8775.1,8884.7,8605.1,2828.4042732
1520618400000,8749,8884.7,8949,8745.2,2670.99572838
1520614800000,8692.6,8745.6,8850,8663,2715.2139035
1520611200000,8944.1,8693.6,9050,8650,5174.25731717
1520607600000,9134.9,8943.7,9138.6,8901,2521.56340634
1520604000000,8916.4,9134.8,9143.9,8906,2604.55364499
1520600400000,8978.7,8916.9,9000.59322931,8821,2305.73858191
1520596800000,8942.3,8984.7,9063.9,8889,3645.58747549
1520593200000,8732.8,8942.1,8970,8668,3825.32790529
1520589600000,8540,8734.0166511,8812,8452,4803.02332463
1520586000000,8668.3,8540,8727.7,8379,5259.78779793
1520582400000,8704.9,8662,8850,8556,4978.30714071
1520578800000,8816.8,8704.9,8865,8678,3923.13638302
1520575200000,8483.8,8816.1,8852.9,8342,8501.60276449
1520571600000,8639,8481,8771.1,8426.2,5764.5567958
1520568000000,8980.6,8636.3,8986,8563,7871.29498063
1520564400000,9011.1,8980.6,9037,8933.8,1863.24607685
1520560800000,9092.2,9011.1,9110,8882,6024.51199136
1520557200000,9375,9092.1,9375,8954.8,6609.61039708
1520553600000,9300,9375.03849954,9428,9300,1567.12045561
1520550000000,9272.1,9300,9362.9,9271,2129.97405778
1520546400000,9330,9272.1,9407,9240,2283.358174
1520542800000,9380,9330,9471,9330,2034.39443664
1520539200000,9372.7,9380,9397.4,9281,2157.53536562
1520535600000,9338.5,9372.8,9399.5,9260,2358.02716941
1520532000000,9295.4,9337.29819487,9443.7,9210,4539.67484448
1520528400000,9427,9296.8,9432.5,9025,14984.23328304
1520524800000,9904,9437.8,9904,9331.8,5627.37419748
1520521200000,9745.4,9904,9945,9745.3,1849.78402816
1520517600000,9889.7,9745.4,9890,9734.8,1220.24333204
1520514000000,9770.3,9889,9890,9670,1964.46843079
1520510400000,9925.3,9770.3,9982.6,9719,3164.93289789
1520506800000,10010,9925.7,10029,9908.8,1132.4316404
1520503200000,10056,10011,10076,9928.71791315,1410.10201185
1520499600000,9907.1,10056,10112,9903.6,2512.35956957
1520496000000,9936.5,9908.1,9967,9835.6,1459.96226649
1520492400000,9742.5,9938.5,10000,9679.8,2480.1099904
1520488800000,9791.3,9742.4,9868,9712,1105.95826655
1520485200000,9782,9791.4,9821.5,9668.58027863,1314.87133149
1520481600000,9529.9,9783,9784,9515.20465733,2251.32300295
1520478000000,9600.8,9530,9696.1,9489.4,2215.63249199
1520474400000,9844.8,9600.8,9844.9,9555,4592.8591073
1520470800000,9941.7,9844.8,10023,9801,1728.82064318
1520467200000,9910.5,9941.4,10020,9855,1219.46129369
1520463600000,9935.3,9910.6,9974.2,9814,2106.5745363
1520460000000,9929.1,9936,10097,9902,3689.69134334
1520456400000,9761,9929.1,9979.8,9759.9,3310.75462933
1520452800000,9844.9,9763,9844.9,9685,2072.79603323
